,Serológica,Antígena,Quimioluminiscencia,id_ubigeo,ubigeo_inei,departamento,provincia,distrito
0,47,84,0,1,010101,AMAZONAS,CHACHAPOYAS,CHACHAPOYAS
1,1,5,0,10,010110,AMAZONAS,CHACHAPOYAS,LEIMEBAMBA
2,2,1,0,100,020204,ANCASH,AIJA,LA MERCED
3,13,20,0,1000,110108,ICA,ICA,SALAS
4,1,12,0,1001,110109,ICA,ICA,SAN JOSE DE LOS MOLINOS
5,2,27,0,1002,110110,ICA,ICA,SAN JUAN BAUTISTA
6,8,22,0,1003,110111,ICA,ICA,SANTIAGO
7,9,36,0,1004,110112,ICA,ICA,SUBTANJALLA
8,1,8,0,1005,110113,ICA,ICA,TATE
9,0,4,0,1006,110114,ICA,ICA,YAUCA DEL ROSARIO
10,67,112,2,1007,110201,ICA,CHINCHA,CHINCHA ALTA
11,2,7,0,1008,110202,ICA,CHINCHA,ALTO LARAN
12,1,6,0,1009,110203,ICA,CHINCHA,CHAVIN
13,7,9,0,1010,110204,ICA,CHINCHA,CHINCHA BAJA
14,4,12,0,1011,110205,ICA,CHINCHA,EL CARMEN
15,6,18,0,1012,110206,ICA,CHINCHA,GROCIO PRADO
16,23,47,0,1013,110207,ICA,CHINCHA,PUEBLO NUEVO
17,1,1,0,1014,110208,ICA,CHINCHA,SAN JUAN DE YANAC
18,1,0,0,1015,110209,ICA,CHINCHA,SAN PEDRO DE HUACARPANA
19,19,37,0,1016,110210,ICA,CHINCHA,SUNAMPE
20,4,5,0,1017,110211,ICA,CHINCHA,TAMBO DE MORA
21,31,69,0,1018,110301,ICA,NAZCA,NAZCA
22,2,3,0,1019,110302,ICA,NAZCA,CHANGUILLO
23,1,14,0,102,020301,ANCASH,ANTONIO RAYMONDI,LLAMELLIN
24,1,4,0,1020,110303,ICA,NAZCA,EL INGENIO
25,45,100,5,1021,110304,ICA,NAZCA,MARCONA
26,16,23,0,1022,110305,ICA,NAZCA,VISTA ALEGRE
27,9,17,0,1023,110401,ICA,PALPA,PALPA
28,2,3,0,1024,110402,ICA,PALPA,LLIPATA
29,3,3,0,1025,110403,ICA,PALPA,RIO GRANDE
30,2,2,0,1026,110404,ICA,PALPA,SANTA CRUZ
31,73,224,2,1028,110501,ICA,PISCO,PISCO
32,0,2,0,1029,110502,ICA,PISCO,HUANCANO
33,1,5,0,1030,110503,ICA,PISCO,HUMAY
34,3,15,0,1031,110504,ICA,PISCO,INDEPENDENCIA
35,8,7,0,1032,110505,ICA,PISCO,PARACAS
36,10,37,0,1033,110506,ICA,PISCO,SAN ANDRES
37,17,38,0,1034,110507,ICA,PISCO,SAN CLEMENTE
38,6,26,0,1035,110508,ICA,PISCO,TUPAC AMARU INCA
39,130,437,2,1036,120101,JUNIN,HUANCAYO,HUANCAYO
40,1,1,0,1039,120106,JUNIN,HUANCAYO,CHICCHE
41,0,2,0,104,020303,ANCASH,ANTONIO RAYMONDI,CHACCHO
42,60,164,1,1040,120107,JUNIN,HUANCAYO,CHILCA
43,0,2,0,1041,120108,JUNIN,HUANCAYO,CHONGOS ALTO
44,1,0,0,1042,120111,JUNIN,HUANCAYO,CHUPURO
45,0,1,0,1043,120112,JUNIN,HUANCAYO,COLCA
46,2,0,0,1044,120113,JUNIN,HUANCAYO,CULLHUAS
47,126,415,2,1045,120114,JUNIN,HUANCAYO,EL TAMBO
48,0,1,0,1046,120116,JUNIN,HUANCAYO,HUACRAPUQUIO
49,2,3,0,1047,120117,JUNIN,HUANCAYO,HUALHUAS
50,8,28,1,1048,120119,JUNIN,HUANCAYO,HUANCAN
51,0,1,0,1049,120120,JUNIN,HUANCAYO,HUASICANCHA
52,5,19,0,1050,120121,JUNIN,HUANCAYO,HUAYUCACHI
53,2,2,0,1051,120122,JUNIN,HUANCAYO,INGENIO
54,10,41,0,1053,120125,JUNIN,HUANCAYO,PILCOMAYO
55,1,2,0,1054,120126,JUNIN,HUANCAYO,PUCARA
56,3,0,0,1055,120127,JUNIN,HUANCAYO,QUICHUAY
57,2,7,0,1056,120128,JUNIN,HUANCAYO,QUILCAS
58,6,30,0,1057,120129,JUNIN,HUANCAYO,SAN AGUSTIN
59,7,27,0,1058,120130,JUNIN,HUANCAYO,SAN JERONIMO DE TUNAN
60,2,8,0,1059,120132,JUNIN,HUANCAYO,SAÑO
61,0,1,0,106,020305,ANCASH,ANTONIO RAYMONDI,MIRGAS
62,10,17,0,1060,120133,JUNIN,HUANCAYO,SAPALLANGA
63,6,11,0,1061,120134,JUNIN,HUANCAYO,SICAYA
64,2,2,0,1063,120136,JUNIN,HUANCAYO,VIQUES
65,9,27,0,1064,120201,JUNIN,CONCEPCION,CONCEPCION
66,0,1,0,1065,120202,JUNIN,CONCEPCION,ACO
67,0,1,0,1066,120203,JUNIN,CONCEPCION,ANDAMARCA
68,5,1,0,1069,120206,JUNIN,CONCEPCION,COMAS
69,0,3,0,1072,120209,JUNIN,CONCEPCION,MARISCAL CASTILLA
70,2,6,0,1073,120210,JUNIN,CONCEPCION,MATAHUASI
71,0,1,0,1074,120211,JUNIN,CONCEPCION,MITO
72,0,2,0,1075,120212,JUNIN,CONCEPCION,NUEVE DE JULIO
73,4,7,0,1076,120213,JUNIN,CONCEPCION,ORCOTUNA
74,1,1,0,1077,120214,JUNIN,CONCEPCION,SAN JOSE DE QUERO
75,1,4,0,1078,120215,JUNIN,CONCEPCION,SANTA ROSA DE OCOPA
76,17,48,0,1079,120301,JUNIN,CHANCHAMAYO,CHANCHAMAYO
77,1,7,0,108,020401,ANCASH,ASUNCION,CHACAS
78,19,28,0,1080,120302,JUNIN,CHANCHAMAYO,PERENE
79,8,18,0,1081,120303,JUNIN,CHANCHAMAYO,PICHANAQUI
80,0,7,0,1082,120304,JUNIN,CHANCHAMAYO,SAN LUIS DE SHUARO
81,16,54,0,1083,120305,JUNIN,CHANCHAMAYO,SAN RAMON
82,0,2,0,1084,120306,JUNIN,CHANCHAMAYO,VITOC
83,15,43,0,1085,120401,JUNIN,JAUJA,JAUJA
84,1,6,0,1086,120402,JUNIN,JAUJA,ACOLLA
85,0,5,0,1087,120403,JUNIN,JAUJA,APATA
86,0,3,0,1088,120404,JUNIN,JAUJA,ATAURA
87,1,1,0,1089,120405,JUNIN,JAUJA,CANCHAYLLO
88,0,1,0,109,020402,ANCASH,ASUNCION,ACOCHACA
89,0,1,0,1090,120406,JUNIN,JAUJA,CURICACA
90,1,6,0,1091,120407,JUNIN,JAUJA,EL MANTARO
91,0,3,0,1092,120408,JUNIN,JAUJA,HUAMALI
92,1,2,0,1094,120410,JUNIN,JAUJA,HUERTAS
93,0,1,0,1095,120411,JUNIN,JAUJA,JANJAILLO
94,0,0,1,1096,120412,JUNIN,JAUJA,JULCAN
95,3,0,0,1097,120413,JUNIN,JAUJA,LEONOR ORDOÑEZ
96,3,1,0,1098,120414,JUNIN,JAUJA,LLOCLLAPAMPA
97,0,1,0,1099,120415,JUNIN,JAUJA,MARCO
98,1,8,0,110,020501,ANCASH,BOLOGNESI,CHIQUIAN
99,0,3,0,1100,120416,JUNIN,JAUJA,MASMA
100,0,1,0,1101,120417,JUNIN,JAUJA,MASMA CHICCHE
101,0,3,0,1102,120418,JUNIN,JAUJA,MOLINOS
102,1,0,0,1103,120419,JUNIN,JAUJA,MONOBAMBA
103,0,1,0,1104,120420,JUNIN,JAUJA,MUQUI
104,0,2,0,1105,120421,JUNIN,JAUJA,MUQUIYAUYO
105,0,2,1,1107,120423,JUNIN,JAUJA,PACCHA
106,1,2,0,1108,120424,JUNIN,JAUJA,PANCAN
107,1,2,0,1109,120425,JUNIN,JAUJA,PARCO
108,0,1,0,1111,120427,JUNIN,JAUJA,RICRAN
109,4,7,0,1112,120428,JUNIN,JAUJA,SAN LORENZO
110,0,5,0,1114,120430,JUNIN,JAUJA,SAUSA
111,0,1,0,1115,120431,JUNIN,JAUJA,SINCOS
112,1,0,0,1116,120432,JUNIN,JAUJA,TUNAN MARCA
113,1,1,0,1117,120433,JUNIN,JAUJA,YAULI
114,4,16,0,1118,120434,JUNIN,JAUJA,YAUYOS
115,7,55,0,1119,120501,JUNIN,JUNIN,JUNIN
116,1,1,0,112,020503,ANCASH,BOLOGNESI,ANTONIO RAYMONDI
117,2,12,0,1120,120502,JUNIN,JUNIN,CARHUAMAYO
118,1,0,0,1121,120503,JUNIN,JUNIN,ONDORES
119,0,3,0,1122,120504,JUNIN,JUNIN,ULCUMAYO
120,35,47,0,1123,120601,JUNIN,SATIPO,SATIPO
121,2,2,0,1124,120602,JUNIN,SATIPO,COVIRIALI
122,10,21,0,1126,120604,JUNIN,SATIPO,MAZAMARI
123,1,3,0,1127,120605,JUNIN,SATIPO,PAMPA HERMOSA
124,30,73,0,1128,120606,JUNIN,SATIPO,PANGOA
125,5,11,0,1129,120607,JUNIN,SATIPO,RIO NEGRO
126,1,3,0,113,020504,ANCASH,BOLOGNESI,AQUIA
127,11,6,0,1130,120608,JUNIN,SATIPO,RIO TAMBO
128,27,104,0,1132,120701,JUNIN,TARMA,TARMA
129,3,9,0,1133,120702,JUNIN,TARMA,ACOBAMBA
130,3,7,0,1135,120704,JUNIN,TARMA,HUASAHUASI
131,6,38,0,1136,120705,JUNIN,TARMA,LA UNION
132,0,4,0,1137,120706,JUNIN,TARMA,PALCA
133,1,2,0,1138,120707,JUNIN,TARMA,PALCAMAYO
134,0,2,0,1139,120708,JUNIN,TARMA,SAN PEDRO DE CAJAS
135,0,2,0,114,020505,ANCASH,BOLOGNESI,CAJACAY
136,15,38,1,1141,120801,JUNIN,YAULI,LA OROYA
137,0,2,0,1142,120802,JUNIN,YAULI,CHACAPALPA
138,1,2,0,1143,120803,JUNIN,YAULI,HUAY-HUAY
139,1,0,0,1144,120804,JUNIN,YAULI,MARCAPOMACOCHA
140,4,16,0,1145,120805,JUNIN,YAULI,MOROCOCHA
141,1,1,0,1146,120806,JUNIN,YAULI,PACCHA
142,4,9,0,1148,120808,JUNIN,YAULI,SANTA ROSA DE SACCO
143,1,0,0,1149,120809,JUNIN,YAULI,SUITUCANCHA
144,2,10,0,1150,120810,JUNIN,YAULI,YAULI
145,25,48,1,1151,120901,JUNIN,CHUPACA,CHUPACA
146,2,7,0,1152,120902,JUNIN,CHUPACA,AHUAC
147,3,5,0,1153,120903,JUNIN,CHUPACA,CHONGOS BAJO
148,1,5,0,1154,120904,JUNIN,CHUPACA,HUACHAC
149,4,11,0,1155,120905,JUNIN,CHUPACA,HUAMANCACA CHICO
150,0,2,0,1156,120906,JUNIN,CHUPACA,SAN JUAN DE YSCOS
151,1,3,0,1157,120907,JUNIN,CHUPACA,SAN JUAN DE JARPA
152,1,0,0,1158,120908,JUNIN,CHUPACA,TRES DE DICIEMBRE
153,0,1,0,1159,120909,JUNIN,CHUPACA,YANACANCHA
154,2,2,0,116,020507,ANCASH,BOLOGNESI,COLQUIOC
155,347,786,16,1160,130101,LA LIBERTAD,TRUJILLO,TRUJILLO
156,41,128,0,1161,130102,LA LIBERTAD,TRUJILLO,EL PORVENIR
157,16,77,0,1162,130103,LA LIBERTAD,TRUJILLO,FLORENCIA DE MORA
158,24,49,0,1163,130104,LA LIBERTAD,TRUJILLO,HUANCHACO
159,82,179,2,1164,130105,LA LIBERTAD,TRUJILLO,LA ESPERANZA
160,23,49,0,1165,130106,LA LIBERTAD,TRUJILLO,LAREDO
161,14,48,0,1166,130107,LA LIBERTAD,TRUJILLO,MOCHE
162,0,7,0,1167,130108,LA LIBERTAD,TRUJILLO,POROTO
163,9,23,1,1168,130109,LA LIBERTAD,TRUJILLO,SALAVERRY
164,0,1,0,1169,130110,LA LIBERTAD,TRUJILLO,SIMBAL
165,4,10,0,117,020508,ANCASH,BOLOGNESI,HUALLANCA
166,30,83,0,1170,130111,LA LIBERTAD,TRUJILLO,VICTOR LARCO HERRERA
167,2,9,0,1171,130201,LA LIBERTAD,ASCOPE,ASCOPE
168,7,11,0,1172,130202,LA LIBERTAD,ASCOPE,CHICAMA
169,0,11,0,1173,130203,LA LIBERTAD,ASCOPE,CHOCOPE
170,0,8,0,1174,130204,LA LIBERTAD,ASCOPE,MAGDALENA DE CAO
171,9,14,0,1175,130205,LA LIBERTAD,ASCOPE,PAIJAN
172,7,8,0,1176,130206,LA LIBERTAD,ASCOPE,RAZURI
173,5,9,0,1177,130207,LA LIBERTAD,ASCOPE,SANTIAGO DE CAO
174,6,26,0,1178,130208,LA LIBERTAD,ASCOPE,CASA GRANDE
175,3,1,0,1179,130301,LA LIBERTAD,BOLIVAR,BOLIVAR
176,0,1,0,118,020509,ANCASH,BOLOGNESI,HUASTA
177,1,5,0,1182,130304,LA LIBERTAD,BOLIVAR,LONGOTEA
178,0,1,0,1183,130305,LA LIBERTAD,BOLIVAR,UCHUMARCA
179,13,57,0,1185,130401,LA LIBERTAD,CHEPEN,CHEPEN
180,3,18,0,1186,130402,LA LIBERTAD,CHEPEN,PACANGA
181,1,9,0,1187,130403,LA LIBERTAD,CHEPEN,PUEBLO NUEVO
182,0,6,0,1188,130501,LA LIBERTAD,JULCAN,JULCAN
183,1,4,0,1189,130502,LA LIBERTAD,JULCAN,CALAMARCA
184,0,1,0,1190,130503,LA LIBERTAD,JULCAN,CARABAMBA
185,0,4,0,1191,130504,LA LIBERTAD,JULCAN,HUASO
186,5,31,0,1192,130601,LA LIBERTAD,OTUZCO,OTUZCO
187,6,1,0,1193,130602,LA LIBERTAD,OTUZCO,AGALLPAMPA
188,0,1,0,1194,130604,LA LIBERTAD,OTUZCO,CHARAT
189,1,17,0,1195,130605,LA LIBERTAD,OTUZCO,HUARANCHAL
190,0,1,0,1197,130608,LA LIBERTAD,OTUZCO,MACHE
191,0,4,0,1198,130610,LA LIBERTAD,OTUZCO,PARANDAY
192,0,11,0,1199,130611,LA LIBERTAD,OTUZCO,SALPO
193,0,1,0,12,010112,AMAZONAS,CHACHAPOYAS,MAGDALENA
194,1,4,0,1200,130613,LA LIBERTAD,OTUZCO,SINSICAP
195,1,11,0,1201,130614,LA LIBERTAD,OTUZCO,USQUIL
196,7,22,0,1202,130701,LA LIBERTAD,PACASMAYO,SAN PEDRO DE LLOC
197,6,26,0,1203,130702,LA LIBERTAD,PACASMAYO,GUADALUPE
198,1,1,0,1204,130703,LA LIBERTAD,PACASMAYO,JEQUETEPEQUE
199,8,55,0,1205,130704,LA LIBERTAD,PACASMAYO,PACASMAYO
200,2,9,0,1206,130705,LA LIBERTAD,PACASMAYO,SAN JOSE
201,8,13,0,1207,130801,LA LIBERTAD,PATAZ,TAYABAMBA
202,0,1,0,1208,130802,LA LIBERTAD,PATAZ,BULDIBUYO
203,3,5,0,1209,130803,LA LIBERTAD,PATAZ,CHILLIA
204,0,1,0,121,020512,ANCASH,BOLOGNESI,MANGAS
205,1,2,0,1210,130804,LA LIBERTAD,PATAZ,HUANCASPATA
206,0,2,0,1211,130805,LA LIBERTAD,PATAZ,HUAYLILLAS
207,19,30,0,1214,130808,LA LIBERTAD,PATAZ,PARCOY
208,4,5,0,1215,130809,LA LIBERTAD,PATAZ,PATAZ
209,0,1,0,1216,130810,LA LIBERTAD,PATAZ,PIAS
210,0,3,0,1217,130811,LA LIBERTAD,PATAZ,SANTIAGO DE CHALLAS
211,0,2,0,1218,130812,LA LIBERTAD,PATAZ,TAURIJA
212,0,3,0,1219,130813,LA LIBERTAD,PATAZ,URPAY
213,0,1,0,122,020513,ANCASH,BOLOGNESI,PACLLON
214,39,136,2,1220,130901,LA LIBERTAD,SANCHEZ CARRION,HUAMACHUCO
215,2,9,0,1221,130902,LA LIBERTAD,SANCHEZ CARRION,CHUGAY
216,0,1,0,1222,130903,LA LIBERTAD,SANCHEZ CARRION,COCHORCO
217,0,5,0,1223,130904,LA LIBERTAD,SANCHEZ CARRION,CURGOS
218,1,2,0,1224,130905,LA LIBERTAD,SANCHEZ CARRION,MARCABAL
219,0,11,0,1225,130906,LA LIBERTAD,SANCHEZ CARRION,SANAGORAN
220,1,3,0,1226,130907,LA LIBERTAD,SANCHEZ CARRION,SARIN
221,1,3,0,1227,130908,LA LIBERTAD,SANCHEZ CARRION,SARTIMBAMBA
222,5,20,0,1228,131001,LA LIBERTAD,SANTIAGO DE CHUCO,SANTIAGO DE CHUCO
223,1,5,0,1229,131002,LA LIBERTAD,SANTIAGO DE CHUCO,ANGASMARCA
224,2,3,0,1230,131003,LA LIBERTAD,SANTIAGO DE CHUCO,CACHICADAN
225,0,1,0,1232,131005,LA LIBERTAD,SANTIAGO DE CHUCO,MOLLEPATA
226,5,18,0,1233,131006,LA LIBERTAD,SANTIAGO DE CHUCO,QUIRUVILCA
227,1,0,0,1234,131007,LA LIBERTAD,SANTIAGO DE CHUCO,SANTA CRUZ DE CHUCA
228,4,9,1,1236,131101,LA LIBERTAD,GRAN CHIMU,CASCAS
229,1,2,0,1237,131102,LA LIBERTAD,GRAN CHIMU,LUCMA
230,1,0,0,1238,131103,LA LIBERTAD,GRAN CHIMU,MARMOT
231,0,1,0,1239,131104,LA LIBERTAD,GRAN CHIMU,SAYAPULLO
232,0,2,0,124,020515,ANCASH,BOLOGNESI,TICLLOS
233,16,43,1,1240,131201,LA LIBERTAD,VIRU,VIRU
234,9,29,1,1241,131202,LA LIBERTAD,VIRU,CHAO
235,0,2,0,1242,131203,LA LIBERTAD,VIRU,GUADALUPITO
236,184,526,3,1243,140101,LAMBAYEQUE,CHICLAYO,CHICLAYO
237,6,15,1,1244,140102,LAMBAYEQUE,CHICLAYO,CHONGOYAPE
238,2,12,0,1245,140103,LAMBAYEQUE,CHICLAYO,ETEN
239,2,11,0,1246,140104,LAMBAYEQUE,CHICLAYO,ETEN PUERTO
240,31,133,0,1247,140105,LAMBAYEQUE,CHICLAYO,JOSE LEONARDO ORTIZ
241,39,106,0,1248,140106,LAMBAYEQUE,CHICLAYO,LA VICTORIA
242,2,4,0,1249,140107,LAMBAYEQUE,CHICLAYO,LAGUNAS
243,4,21,0,125,020601,ANCASH,CARHUAZ,CARHUAZ
244,13,10,0,1250,140108,LAMBAYEQUE,CHICLAYO,MONSEFU
245,2,6,0,1251,140109,LAMBAYEQUE,CHICLAYO,NUEVA ARICA
246,3,6,0,1252,140110,LAMBAYEQUE,CHICLAYO,OYOTUN
247,12,11,0,1253,140111,LAMBAYEQUE,CHICLAYO,PICSI
248,16,40,0,1254,140112,LAMBAYEQUE,CHICLAYO,PIMENTEL
249,4,20,0,1255,140113,LAMBAYEQUE,CHICLAYO,REQUE
250,9,14,0,1256,140114,LAMBAYEQUE,CHICLAYO,SANTA ROSA
251,4,9,1,1257,140115,LAMBAYEQUE,CHICLAYO,SAÑA
252,6,18,0,1258,140116,LAMBAYEQUE,CHICLAYO,CAYALTI
253,4,28,0,1259,140117,LAMBAYEQUE,CHICLAYO,PATAPO
254,1,2,0,126,020602,ANCASH,CARHUAZ,ACOPAMPA
255,12,23,0,1260,140118,LAMBAYEQUE,CHICLAYO,POMALCA
256,2,10,0,1261,140119,LAMBAYEQUE,CHICLAYO,PUCALA
257,9,11,0,1262,140120,LAMBAYEQUE,CHICLAYO,TUMAN
258,15,53,0,1263,140201,LAMBAYEQUE,FERREÑAFE,FERREÑAFE
259,4,2,0,1264,140202,LAMBAYEQUE,FERREÑAFE,CAÑARIS
260,2,4,0,1265,140203,LAMBAYEQUE,FERREÑAFE,INCAHUASI
261,1,1,0,1266,140204,LAMBAYEQUE,FERREÑAFE,MANUEL ANTONIO MESONES MURO
262,3,10,0,1267,140205,LAMBAYEQUE,FERREÑAFE,PITIPO
263,4,11,0,1268,140206,LAMBAYEQUE,FERREÑAFE,PUEBLO NUEVO
264,31,81,0,1269,140301,LAMBAYEQUE,LAMBAYEQUE,LAMBAYEQUE
265,1,0,0,1270,140302,LAMBAYEQUE,LAMBAYEQUE,CHOCHOPE
266,3,20,0,1271,140303,LAMBAYEQUE,LAMBAYEQUE,ILLIMO
267,5,12,0,1272,140304,LAMBAYEQUE,LAMBAYEQUE,JAYANCA
268,8,13,0,1273,140305,LAMBAYEQUE,LAMBAYEQUE,MOCHUMI
269,8,16,0,1274,140306,LAMBAYEQUE,LAMBAYEQUE,MORROPE
270,10,14,0,1275,140307,LAMBAYEQUE,LAMBAYEQUE,MOTUPE
271,8,21,0,1276,140308,LAMBAYEQUE,LAMBAYEQUE,OLMOS
272,0,5,0,1277,140309,LAMBAYEQUE,LAMBAYEQUE,PACORA
273,3,2,0,1278,140310,LAMBAYEQUE,LAMBAYEQUE,SALAS
274,3,3,0,1279,140311,LAMBAYEQUE,LAMBAYEQUE,SAN JOSE
275,1,4,0,128,020604,ANCASH,CARHUAZ,ANTA
276,3,9,0,1280,140312,LAMBAYEQUE,LAMBAYEQUE,TUCUME
277,825,2649,21,1281,150101,LIMA,LIMA,LIMA
278,27,70,1,1282,150102,LIMA,LIMA,ANCON
279,481,905,8,1283,150103,LIMA,LIMA,ATE
280,49,110,1,1284,150104,LIMA,LIMA,BARRANCO
281,151,313,1,1285,150105,LIMA,LIMA,BREÑA
282,151,330,0,1286,150106,LIMA,LIMA,CARABAYLLO
283,52,96,0,1287,150107,LIMA,LIMA,CHACLACAYO
284,275,643,5,1288,150108,LIMA,LIMA,CHORRILLOS
285,17,38,0,1289,150109,LIMA,LIMA,CIENEGUILLA
286,392,646,7,1290,150110,LIMA,LIMA,COMAS
287,181,293,2,1291,150111,LIMA,LIMA,EL AGUSTINO
288,149,310,0,1292,150112,LIMA,LIMA,INDEPENDENCIA
289,1152,2151,26,1293,150113,LIMA,LIMA,JESUS MARIA
290,170,479,4,1294,150114,LIMA,LIMA,LA MOLINA
291,194,343,2,1295,150115,LIMA,LIMA,LA VICTORIA
292,80,282,2,1296,150116,LIMA,LIMA,LINCE
293,301,619,3,1297,150117,LIMA,LIMA,LOS OLIVOS
294,129,296,2,1298,150118,LIMA,LIMA,LURIGANCHO
295,70,186,0,1299,150119,LIMA,LIMA,LURIN
296,0,1,0,13,010113,AMAZONAS,CHACHAPOYAS,MARISCAL CASTILLA
297,1,13,0,130,020606,ANCASH,CARHUAZ,MARCARA
298,92,266,3,1300,150120,LIMA,LIMA,MAGDALENA DEL MAR
299,107,245,0,1301,150121,LIMA,LIMA,PUEBLO LIBRE
300,123,431,5,1302,150122,LIMA,LIMA,MIRAFLORES
301,85,164,0,1303,150123,LIMA,LIMA,PACHACAMAC
302,13,22,0,1304,150124,LIMA,LIMA,PUCUSANA
303,206,413,2,1305,150125,LIMA,LIMA,PUENTE PIEDRA
304,6,13,1,1306,150126,LIMA,LIMA,PUNTA HERMOSA
305,7,4,0,1307,150127,LIMA,LIMA,PUNTA NEGRA
306,125,241,0,1308,150128,LIMA,LIMA,RIMAC
307,7,21,0,1309,150129,LIMA,LIMA,SAN BARTOLO
308,163,567,5,1310,150130,LIMA,LIMA,SAN BORJA
309,131,380,5,1311,150131,LIMA,LIMA,SAN ISIDRO
310,720,1361,5,1312,150132,LIMA,LIMA,SAN JUAN DE LURIGANCHO
311,329,600,7,1313,150133,LIMA,LIMA,SAN JUAN DE MIRAFLORES
312,53,149,0,1314,150134,LIMA,LIMA,SAN LUIS
313,547,1023,4,1315,150135,LIMA,LIMA,SAN MARTIN DE PORRES
314,162,394,5,1316,150136,LIMA,LIMA,SAN MIGUEL
315,192,336,5,1317,150137,LIMA,LIMA,SANTA ANITA
316,2,2,0,1318,150138,LIMA,LIMA,SANTA MARIA DEL MAR
317,8,20,0,1319,150139,LIMA,LIMA,SANTA ROSA
318,0,2,0,132,020608,ANCASH,CARHUAZ,SAN MIGUEL DE ACO
319,398,980,10,1320,150140,LIMA,LIMA,SANTIAGO DE SURCO
320,144,333,0,1321,150141,LIMA,LIMA,SURQUILLO
321,310,627,7,1322,150142,LIMA,LIMA,VILLA EL SALVADOR
322,296,726,6,1323,150143,LIMA,LIMA,VILLA MARIA DEL TRIUNFO
323,34,111,0,1325,150201,LIMA,BARRANCA,BARRANCA
324,8,30,0,1326,150202,LIMA,BARRANCA,PARAMONGA
325,11,11,0,1327,150203,LIMA,BARRANCA,PATIVILCA
326,11,29,0,1328,150204,LIMA,BARRANCA,SUPE
327,6,15,0,1329,150205,LIMA,BARRANCA,SUPE PUERTO
328,1,2,0,133,020609,ANCASH,CARHUAZ,SHILLA
329,1,2,0,1330,150301,LIMA,CAJATAMBO,CAJATAMBO
330,0,1,0,1331,150302,LIMA,CAJATAMBO,COPA
331,0,1,0,1332,150303,LIMA,CAJATAMBO,GORGOR
332,1,1,0,1333,150304,LIMA,CAJATAMBO,HUANCAPON
333,0,1,0,1334,150305,LIMA,CAJATAMBO,MANAS
334,5,9,0,1335,150401,LIMA,CANTA,CANTA
335,0,1,0,1336,150402,LIMA,CANTA,ARAHUAY
336,1,4,0,134,020610,ANCASH,CARHUAZ,TINCO
337,1,9,0,1341,150407,LIMA,CANTA,SANTA ROSA DE QUIVES
338,43,132,0,1342,150501,LIMA,CAÑETE,SAN VICENTE DE CAÑETE
339,10,26,0,1343,150502,LIMA,CAÑETE,ASIA
340,0,2,0,1344,150503,LIMA,CAÑETE,CALANGO
341,5,17,0,1345,150504,LIMA,CAÑETE,CERRO AZUL
342,12,55,0,1346,150505,LIMA,CAÑETE,CHILCA
343,17,75,1,1348,150507,LIMA,CAÑETE,IMPERIAL
344,4,3,0,1349,150508,LIMA,CAÑETE,LUNAHUANA
345,0,2,0,135,020611,ANCASH,CARHUAZ,YUNGAR
346,44,103,0,1350,150509,LIMA,CAÑETE,MALA
347,11,25,1,1351,150510,LIMA,CAÑETE,NUEVO IMPERIAL
348,1,2,0,1352,150511,LIMA,CAÑETE,PACARAN
349,6,23,0,1353,150512,LIMA,CAÑETE,QUILMANA
350,7,15,0,1354,150513,LIMA,CAÑETE,SAN ANTONIO
351,10,18,0,1355,150514,LIMA,CAÑETE,SAN LUIS
352,2,3,0,1356,150515,LIMA,CAÑETE,SANTA CRUZ DE FLORES
353,1,2,0,1357,150516,LIMA,CAÑETE,ZUÑIGA
354,53,179,0,1358,150601,LIMA,HUARAL,HUARAL
355,0,1,0,1359,150602,LIMA,HUARAL,ATAVILLOS ALTO
356,3,5,0,136,020701,ANCASH,CARLOS FERMIN FITZCARRALD,SAN LUIS
357,0,1,0,1360,150603,LIMA,HUARAL,ATAVILLOS BAJO
358,3,17,0,1361,150604,LIMA,HUARAL,AUCALLAMA
359,44,127,1,1362,150605,LIMA,HUARAL,CHANCAY
360,0,1,0,1363,150606,LIMA,HUARAL,IHUARI
361,0,1,0,1365,150608,LIMA,HUARAL,PACARAOS
362,2,11,0,1370,150701,LIMA,HUAROCHIRI,MATUCANA
363,1,1,0,1371,150702,LIMA,HUAROCHIRI,ANTIOQUIA
364,0,1,0,1372,150703,LIMA,HUAROCHIRI,CALLAHUANCA
365,1,1,0,1373,150704,LIMA,HUAROCHIRI,CARAMPOMA
366,4,17,0,1374,150705,LIMA,HUAROCHIRI,CHICLA
367,1,7,0,1378,150709,LIMA,HUAROCHIRI,HUAROCHIRI
368,0,1,0,1382,150713,LIMA,HUAROCHIRI,MARIATANA
369,3,18,0,1383,150714,LIMA,HUAROCHIRI,RICARDO PALMA
370,4,20,0,1385,150716,LIMA,HUAROCHIRI,SAN ANTONIO
371,1,0,0,1386,150717,LIMA,HUAROCHIRI,SAN BARTOLOME
372,10,36,0,139,020801,ANCASH,CASMA,CASMA
373,2,14,1,1391,150722,LIMA,HUAROCHIRI,SAN MATEO
374,2,9,0,1392,150723,LIMA,HUAROCHIRI,SAN MATEO DE OTAO
375,0,2,0,1393,150724,LIMA,HUAROCHIRI,SAN PEDRO DE CASTA
376,0,14,0,1395,150726,LIMA,HUAROCHIRI,SANGALLAYA
377,0,3,0,1396,150727,LIMA,HUAROCHIRI,SANTA CRUZ DE COCACHACRA
378,4,21,0,1397,150728,LIMA,HUAROCHIRI,SANTA EULALIA
379,1,0,0,14,010114,AMAZONAS,CHACHAPOYAS,MOLINOPAMPA
380,3,2,0,140,020802,ANCASH,CASMA,BUENA VISTA ALTA
381,1,1,0,1400,150731,LIMA,HUAROCHIRI,SANTO DOMINGO DE LOS OLLEROS
382,4,19,1,1401,150732,LIMA,HUAROCHIRI,SURCO
383,54,227,1,1402,150801,LIMA,HUAURA,HUACHO
384,0,1,0,1403,150802,LIMA,HUAURA,AMBAR
385,1,5,0,1404,150803,LIMA,HUAURA,CALETA DE CARQUIN
386,9,45,0,1406,150805,LIMA,HUAURA,HUALMAY
387,10,33,0,1407,150806,LIMA,HUAURA,HUAURA
388,2,0,0,1408,150807,LIMA,HUAURA,LEONCIO PRADO
389,0,2,0,141,020803,ANCASH,CASMA,COMANDANTE NOEL
390,1,0,0,1410,150809,LIMA,HUAURA,SANTA LEONOR
391,10,34,0,1411,150810,LIMA,HUAURA,SANTA MARIA
392,10,33,0,1412,150811,LIMA,HUAURA,SAYAN
393,4,28,0,1413,150812,LIMA,HUAURA,VEGUETA
394,10,19,0,1414,150901,LIMA,OYON,OYON
395,1,0,0,1416,150903,LIMA,OYON,CAUJUL
396,1,1,0,1419,150906,LIMA,OYON,PACHANGARA
397,3,3,0,142,020804,ANCASH,CASMA,YAUTAN
398,3,4,0,1420,151001,LIMA,YAUYOS,YAUYOS
399,0,1,0,1422,151003,LIMA,YAUYOS,AYAUCA
400,0,1,0,1425,151006,LIMA,YAUYOS,CACRA
401,0,4,0,1426,151007,LIMA,YAUYOS,CARANIA
402,2,2,0,143,020901,ANCASH,CORONGO,CORONGO
403,0,1,0,1430,151011,LIMA,YAUYOS,COLONIA
404,0,1,0,1435,151016,LIMA,YAUYOS,HUANTAN
405,2,1,0,1437,151018,LIMA,YAUYOS,LARAOS
406,0,1,0,1438,151019,LIMA,YAUYOS,LINCHA
407,1,0,0,1439,151020,LIMA,YAUYOS,MADEAN
408,0,1,0,1442,151023,LIMA,YAUYOS,PUTINZA
409,0,1,0,1443,151024,LIMA,YAUYOS,QUINCHES
410,1,0,0,1444,151025,LIMA,YAUYOS,QUINOCAY
411,1,0,0,1449,151030,LIMA,YAUYOS,TOMAS
412,1,0,0,1451,151032,LIMA,YAUYOS,VIÑAC
413,77,249,0,1453,160101,LORETO,MAYNAS,IQUITOS
414,2,0,0,1454,160102,LORETO,MAYNAS,ALTO NANAY
415,2,0,0,1455,160103,LORETO,MAYNAS,FERNANDO LORES
416,5,2,0,1456,160104,LORETO,MAYNAS,INDIANA
417,1,4,0,1457,160105,LORETO,MAYNAS,LAS AMAZONAS
418,4,8,0,1458,160106,LORETO,MAYNAS,MAZAN
419,13,6,0,1459,160107,LORETO,MAYNAS,NAPO
420,0,1,0,146,020904,ANCASH,CORONGO,CUSCA
421,18,56,0,1460,160108,LORETO,MAYNAS,PUNCHANA
422,4,1,0,1461,160110,LORETO,MAYNAS,TORRES CAUSANA
423,15,35,0,1462,160112,LORETO,MAYNAS,BELEN
424,23,79,0,1463,160113,LORETO,MAYNAS,SAN JUAN BAUTISTA
425,34,43,0,1464,160201,LORETO,ALTO AMAZONAS,YURIMAGUAS
426,0,1,0,1465,160202,LORETO,ALTO AMAZONAS,BALSAPUERTO
427,2,1,0,1466,160205,LORETO,ALTO AMAZONAS,JEBEROS
428,1,1,0,1468,160210,LORETO,ALTO AMAZONAS,SANTA CRUZ
429,1,0,0,1469,160211,LORETO,ALTO AMAZONAS,TENIENTE CESAR LOPEZ ROJAS
430,11,60,0,1470,160301,LORETO,LORETO,NAUTA
431,1,0,0,1471,160302,LORETO,LORETO,PARINARI
432,1,1,0,1472,160303,LORETO,LORETO,TIGRE
433,1,2,0,1473,160304,LORETO,LORETO,TROMPETEROS
434,2,35,0,1474,160305,LORETO,LORETO,URARINAS
435,5,5,0,1475,160401,LORETO,MARISCAL RAMON CASTILLA,RAMON CASTILLA
436,4,0,0,1477,160403,LORETO,MARISCAL RAMON CASTILLA,YAVARI
437,0,1,0,1478,160404,LORETO,MARISCAL RAMON CASTILLA,SAN PABLO
438,3,27,0,1479,160501,LORETO,REQUENA,REQUENA
439,3,1,0,1483,160505,LORETO,REQUENA,MAQUIA
440,0,7,0,1484,160506,LORETO,REQUENA,PUINAHUA
441,0,1,0,1485,160507,LORETO,REQUENA,SAQUENA
442,3,2,0,1488,160510,LORETO,REQUENA,JENARO HERRERA
443,1,1,0,1489,160511,LORETO,REQUENA,YAQUERANA
444,1,0,0,1490,160601,LORETO,UCAYALI,CONTAMANA
445,1,0,0,1494,160605,LORETO,UCAYALI,SARAYACU
446,9,12,0,1496,160701,LORETO,DATEM DEL MARAÑON,BARRANCA
447,1,0,0,1497,160702,LORETO,DATEM DEL MARAÑON,CAHUAPANAS
448,2,15,0,1498,160703,LORETO,DATEM DEL MARAÑON,MANSERICHE
449,2,1,0,1499,160704,LORETO,DATEM DEL MARAÑON,MORONA
450,7,23,0,150,021001,ANCASH,HUARI,HUARI
451,3,0,0,1500,160705,LORETO,DATEM DEL MARAÑON,PASTAZA
452,5,0,0,1501,160706,LORETO,DATEM DEL MARAÑON,ANDOAS
453,5,2,0,1502,160801,LORETO,PUTUMAYO,PUTUMAYO
454,75,83,1,1506,170101,MADRE DE DIOS,TAMBOPATA,TAMBOPATA
455,8,3,0,1507,170102,MADRE DE DIOS,TAMBOPATA,INAMBARI
456,2,4,0,1508,170103,MADRE DE DIOS,TAMBOPATA,LAS PIEDRAS
457,3,2,0,1509,170104,MADRE DE DIOS,TAMBOPATA,LABERINTO
458,1,0,0,151,021002,ANCASH,HUARI,ANRA
459,3,8,0,1510,170201,MADRE DE DIOS,MANU,MANU
460,1,0,0,1511,170202,MADRE DE DIOS,MANU,FITZCARRALD
461,3,0,0,1512,170203,MADRE DE DIOS,MANU,MADRE DE DIOS
462,6,1,0,1513,170204,MADRE DE DIOS,MANU,HUEPETUHE
463,3,3,0,1514,170301,MADRE DE DIOS,TAHUAMANU,IÑAPARI
464,8,4,0,1515,170302,MADRE DE DIOS,TAHUAMANU,IBERIA
465,2,0,0,1516,170303,MADRE DE DIOS,TAHUAMANU,TAHUAMANU
466,165,246,2,1517,180101,MOQUEGUA,MARISCAL NIETO,MOQUEGUA
467,10,4,0,1518,180102,MOQUEGUA,MARISCAL NIETO,CARUMAS
468,0,4,0,152,021003,ANCASH,HUARI,CAJAY
469,15,16,0,1520,180104,MOQUEGUA,MARISCAL NIETO,SAMEGUA
470,0,4,0,1521,180105,MOQUEGUA,MARISCAL NIETO,SAN CRISTOBAL
471,15,27,1,1522,180106,MOQUEGUA,MARISCAL NIETO,TORATA
472,2,7,0,1523,180201,MOQUEGUA,GENERAL SANCHEZ CERRO,OMATE
473,0,1,0,1524,180202,MOQUEGUA,GENERAL SANCHEZ CERRO,CHOJATA
474,0,4,0,1526,180204,MOQUEGUA,GENERAL SANCHEZ CERRO,ICHUÑA
475,0,14,0,153,021004,ANCASH,HUARI,CHAVIN DE HUANTAR
476,1,3,0,1530,180208,MOQUEGUA,GENERAL SANCHEZ CERRO,PUQUINA
477,1,0,0,1531,180209,MOQUEGUA,GENERAL SANCHEZ CERRO,QUINISTAQUILLAS
478,4,0,0,1532,180210,MOQUEGUA,GENERAL SANCHEZ CERRO,UBINAS
479,2,2,0,1533,180211,MOQUEGUA,GENERAL SANCHEZ CERRO,YUNGA
480,147,277,3,1534,180301,MOQUEGUA,ILO,ILO
481,3,4,0,1535,180302,MOQUEGUA,ILO,EL ALGARROBAL
482,12,19,1,1536,180303,MOQUEGUA,ILO,PACOCHA
483,31,175,1,1537,190101,PASCO,PASCO,CHAUPIMARCA
484,0,1,0,1538,190102,PASCO,PASCO,HUACHON
485,8,16,0,1539,190103,PASCO,PASCO,HUARIACA
486,0,1,0,154,021005,ANCASH,HUARI,HUACACHI
487,8,46,0,1540,190104,PASCO,PASCO,HUAYLLAY
488,2,6,0,1541,190105,PASCO,PASCO,NINACACA
489,0,2,0,1542,190106,PASCO,PASCO,PALLANCHACRA
490,2,18,0,1543,190107,PASCO,PASCO,PAUCARTAMBO
491,4,30,0,1544,190108,PASCO,PASCO,SAN FRANCISCO DE ASIS DE YARUSYACAN
492,7,59,0,1545,190109,PASCO,PASCO,SIMON BOLIVAR
493,0,16,0,1546,190110,PASCO,PASCO,TICLACAYAN
494,30,166,0,1547,190111,PASCO,PASCO,TINYAHUARCO
495,2,8,0,1548,190112,PASCO,PASCO,VICCO
496,35,127,0,1549,190113,PASCO,PASCO,YANACANCHA
497,0,2,0,155,021006,ANCASH,HUARI,HUACCHIS
498,5,15,0,1550,190201,PASCO,DANIEL ALCIDES CARRION,YANAHUANCA
499,1,4,0,1551,190202,PASCO,DANIEL ALCIDES CARRION,CHACAYAN
500,1,8,0,1555,190206,PASCO,DANIEL ALCIDES CARRION,SANTA ANA DE TUSI
501,1,0,0,1557,190208,PASCO,DANIEL ALCIDES CARRION,VILCABAMBA
502,14,28,0,1558,190301,PASCO,OXAPAMPA,OXAPAMPA
503,5,6,0,1559,190302,PASCO,OXAPAMPA,CHONTABAMBA
504,1,3,0,156,021007,ANCASH,HUARI,HUACHIS
505,6,6,0,1560,190303,PASCO,OXAPAMPA,HUANCABAMBA
506,1,4,0,1561,190304,PASCO,OXAPAMPA,PALCAZU
507,1,3,0,1562,190305,PASCO,OXAPAMPA,POZUZO
508,22,23,0,1563,190306,PASCO,OXAPAMPA,PUERTO BERMUDEZ
509,11,32,0,1564,190307,PASCO,OXAPAMPA,VILLA RICA
510,3,6,0,1565,190308,PASCO,OXAPAMPA,CONSTITUCION
511,149,708,0,1566,200101,PIURA,PIURA,PIURA
512,86,240,0,1567,200104,PIURA,PIURA,CASTILLA
513,21,92,0,1568,200105,PIURA,PIURA,CATACAOS
514,5,8,0,1569,200107,PIURA,PIURA,CURA MORI
515,0,4,0,1570,200108,PIURA,PIURA,EL TALLAN
516,6,37,0,1571,200109,PIURA,PIURA,LA ARENA
517,7,60,0,1572,200110,PIURA,PIURA,LA UNION
518,6,28,0,1573,200111,PIURA,PIURA,LAS LOMAS
519,12,54,0,1574,200114,PIURA,PIURA,TAMBO GRANDE
520,46,147,0,1575,200115,PIURA,PIURA,VEINTISEIS DE OCTUBRE
521,2,7,0,1576,200201,PIURA,AYABACA,AYABACA
522,0,2,0,1577,200202,PIURA,AYABACA,FRIAS
523,0,1,0,1578,200203,PIURA,AYABACA,JILILI
524,1,0,0,1579,200204,PIURA,AYABACA,LAGUNAS
525,0,6,0,1580,200205,PIURA,AYABACA,MONTERO
526,1,4,0,1581,200206,PIURA,AYABACA,PACAIPAMPA
527,0,4,0,1582,200207,PIURA,AYABACA,PAIMAS
528,1,7,0,1583,200208,PIURA,AYABACA,SAPILLICA
529,0,1,0,1584,200209,PIURA,AYABACA,SICCHEZ
530,4,5,0,1585,200210,PIURA,AYABACA,SUYO
531,0,4,0,1586,200301,PIURA,HUANCABAMBA,HUANCABAMBA
532,1,12,0,1587,200302,PIURA,HUANCABAMBA,CANCHAQUE
533,0,1,0,1588,200303,PIURA,HUANCABAMBA,EL CARMEN DE LA FRONTERA
534,0,4,0,1589,200304,PIURA,HUANCABAMBA,HUARMACA
535,0,1,0,159,021010,ANCASH,HUARI,PAUCAS
536,1,8,0,1590,200305,PIURA,HUANCABAMBA,LALAQUIZ
537,1,15,0,1591,200306,PIURA,HUANCABAMBA,SAN MIGUEL DE EL FAIQUE
538,0,1,0,1593,200308,PIURA,HUANCABAMBA,SONDORILLO
539,14,60,0,1594,200401,PIURA,MORROPON,CHULUCANAS
540,1,7,0,1595,200402,PIURA,MORROPON,BUENOS AIRES
541,1,8,0,1596,200403,PIURA,MORROPON,CHALACO
542,1,13,0,1597,200404,PIURA,MORROPON,LA MATANZA
543,0,14,0,1598,200405,PIURA,MORROPON,MORROPON
544,4,2,0,1599,200406,PIURA,MORROPON,SALITRAL
545,0,1,0,160,021011,ANCASH,HUARI,PONTO
546,2,8,0,1600,200407,PIURA,MORROPON,SAN JUAN DE BIGOTE
547,0,1,0,1601,200408,PIURA,MORROPON,SANTA CATALINA DE MOSSA
548,1,11,0,1602,200409,PIURA,MORROPON,SANTO DOMINGO
549,1,1,0,1603,200410,PIURA,MORROPON,YAMANGO
550,46,126,0,1604,200501,PIURA,PAITA,PAITA
551,2,3,0,1605,200502,PIURA,PAITA,AMOTAPE
552,1,3,0,1606,200503,PIURA,PAITA,ARENAL
553,6,20,0,1607,200504,PIURA,PAITA,COLAN
554,3,13,0,1608,200505,PIURA,PAITA,LA HUACA
555,1,6,0,1609,200506,PIURA,PAITA,TAMARINDO
556,1,0,0,161,021012,ANCASH,HUARI,RAHUAPAMPA
557,3,7,0,1610,200507,PIURA,PAITA,VICHAYAL
558,71,195,0,1611,200601,PIURA,SULLANA,SULLANA
559,5,43,0,1612,200602,PIURA,SULLANA,BELLAVISTA
560,4,35,0,1613,200603,PIURA,SULLANA,IGNACIO ESCUDERO
561,1,8,0,1614,200604,PIURA,SULLANA,LANCONES
562,4,23,0,1615,200605,PIURA,SULLANA,MARCAVELICA
563,4,8,0,1616,200606,PIURA,SULLANA,MIGUEL CHECA
564,5,32,0,1617,200607,PIURA,SULLANA,QUERECOTILLO
565,5,5,0,1618,200608,PIURA,SULLANA,SALITRAL
566,110,278,2,1619,200701,PIURA,TALARA,PARIÑAS
567,5,16,0,1620,200702,PIURA,TALARA,EL ALTO
568,16,24,0,1621,200703,PIURA,TALARA,LA BREA
569,1,1,0,1622,200704,PIURA,TALARA,LOBITOS
570,1,5,0,1623,200705,PIURA,TALARA,LOS ORGANOS
571,2,20,0,1624,200706,PIURA,TALARA,MANCORA
572,22,93,0,1625,200801,PIURA,SECHURA,SECHURA
573,0,6,0,1626,200802,PIURA,SECHURA,BELLAVISTA DE LA UNION
574,1,26,0,1627,200803,PIURA,SECHURA,BERNAL
575,0,1,0,1628,200804,PIURA,SECHURA,CRISTO NOS VALGA
576,9,52,1,1629,200805,PIURA,SECHURA,VICE
577,3,36,0,163,021014,ANCASH,HUARI,SAN MARCOS
578,0,8,0,1630,200806,PIURA,SECHURA,RINCONADA LLICUAR
579,114,284,5,1631,210101,PUNO,PUNO,PUNO
580,6,8,0,1632,210102,PUNO,PUNO,ACORA
581,6,1,0,1633,210103,PUNO,PUNO,AMANTANI
582,2,4,0,1634,210104,PUNO,PUNO,ATUNCOLLA
583,1,10,0,1635,210105,PUNO,PUNO,CAPACHICA
584,1,7,0,1636,210106,PUNO,PUNO,CHUCUITO
585,1,3,2,1637,210107,PUNO,PUNO,COATA
586,0,4,0,1638,210108,PUNO,PUNO,HUATA
587,3,7,0,1639,210109,PUNO,PUNO,MAÑAZO
588,0,3,0,1640,210110,PUNO,PUNO,PAUCARCOLLA
589,0,8,0,1641,210111,PUNO,PUNO,PICHACANI
590,2,3,0,1642,210112,PUNO,PUNO,PLATERIA
591,1,0,0,1643,210113,PUNO,PUNO,SAN ANTONIO
592,0,3,0,1644,210114,PUNO,PUNO,TIQUILLACA
593,0,2,0,1645,210115,PUNO,PUNO,VILQUE
594,9,37,0,1646,210201,PUNO,AZANGARO,AZANGARO
595,0,1,0,1647,210202,PUNO,AZANGARO,ACHAYA
596,3,4,0,1648,210203,PUNO,AZANGARO,ARAPA
597,3,6,0,1649,210204,PUNO,AZANGARO,ASILLO
598,1,1,0,1650,210205,PUNO,AZANGARO,CAMINACA
599,1,5,0,1652,210207,PUNO,AZANGARO,JOSE DOMINGO CHOQUEHUANCA
600,0,1,0,1653,210208,PUNO,AZANGARO,MUÑANI
601,0,1,0,1654,210209,PUNO,AZANGARO,POTONI
602,3,5,0,1655,210210,PUNO,AZANGARO,SAMAN
603,3,2,0,1656,210211,PUNO,AZANGARO,SAN ANTON
604,0,1,0,1657,210212,PUNO,AZANGARO,SAN JOSE
605,0,1,0,1659,210214,PUNO,AZANGARO,SANTIAGO DE PUPUJA
606,14,61,0,166,021101,ANCASH,HUARMEY,HUARMEY
607,10,26,0,1661,210301,PUNO,CARABAYA,MACUSANI
608,1,4,1,1662,210302,PUNO,CARABAYA,AJOYANI
609,1,5,0,1663,210303,PUNO,CARABAYA,AYAPATA
610,3,2,0,1664,210304,PUNO,CARABAYA,COASA
611,0,3,0,1665,210305,PUNO,CARABAYA,CORANI
612,2,3,0,1666,210306,PUNO,CARABAYA,CRUCERO
613,1,0,0,1667,210307,PUNO,CARABAYA,ITUATA
614,1,3,0,1668,210308,PUNO,CARABAYA,OLLACHEA
615,7,11,0,1669,210309,PUNO,CARABAYA,SAN GABAN
616,0,2,0,1670,210310,PUNO,CARABAYA,USICAYOS
617,4,9,0,1671,210401,PUNO,CHUCUITO,JULI
618,1,7,0,1672,210402,PUNO,CHUCUITO,DESAGUADERO
619,0,2,0,1673,210403,PUNO,CHUCUITO,HUACULLANI
620,0,2,0,1674,210404,PUNO,CHUCUITO,KELLUYO
621,0,5,0,1676,210406,PUNO,CHUCUITO,POMATA
622,0,4,0,1677,210407,PUNO,CHUCUITO,ZEPITA
623,8,19,0,1678,210501,PUNO,EL COLLAO,ILAVE
624,1,1,0,168,021103,ANCASH,HUARMEY,CULEBRAS
625,1,5,0,1680,210503,PUNO,EL COLLAO,PILCUYO
626,0,3,0,1681,210504,PUNO,EL COLLAO,SANTA ROSA
627,0,1,0,1682,210505,PUNO,EL COLLAO,CONDURIRI
628,5,29,0,1683,210601,PUNO,HUANCANE,HUANCANE
629,0,5,1,1684,210602,PUNO,HUANCANE,COJATA
630,0,2,0,1685,210603,PUNO,HUANCANE,HUATASANI
631,3,1,0,1686,210604,PUNO,HUANCANE,INCHUPALLA
632,1,2,0,1687,210605,PUNO,HUANCANE,PUSI
633,1,1,0,1688,210606,PUNO,HUANCANE,ROSASPATA
634,1,1,0,1689,210607,PUNO,HUANCANE,TARACO
635,0,1,0,169,021104,ANCASH,HUARMEY,HUAYAN
636,1,5,0,1690,210608,PUNO,HUANCANE,VILQUE CHICO
637,6,14,0,1691,210701,PUNO,LAMPA,LAMPA
638,2,10,0,1692,210702,PUNO,LAMPA,CABANILLA
639,3,1,0,1695,210705,PUNO,LAMPA,OCUVIRI
640,1,4,0,1696,210706,PUNO,LAMPA,PALCA
641,2,1,0,1697,210707,PUNO,LAMPA,PARATIA
642,0,1,0,1698,210708,PUNO,LAMPA,PUCARA
643,1,15,0,1699,210709,PUNO,LAMPA,SANTA LUCIA
644,0,1,0,170,021105,ANCASH,HUARMEY,MALVAS
645,0,1,0,1700,210710,PUNO,LAMPA,VILAVILA
646,11,33,0,1701,210801,PUNO,MELGAR,AYAVIRI
647,54,44,4,1702,210802,PUNO,MELGAR,ANTAUTA
648,0,1,0,1703,210803,PUNO,MELGAR,CUPI
649,0,1,0,1704,210804,PUNO,MELGAR,LLALLI
650,1,3,0,1705,210805,PUNO,MELGAR,MACARI
651,1,5,0,1706,210806,PUNO,MELGAR,NUÑOA
652,0,3,0,1707,210807,PUNO,MELGAR,ORURILLO
653,0,5,0,1708,210808,PUNO,MELGAR,SANTA ROSA
654,0,2,0,1709,210809,PUNO,MELGAR,UMACHIRI
655,14,64,0,171,021201,ANCASH,HUAYLAS,CARAZ
656,5,2,0,1710,210901,PUNO,MOHO,MOHO
657,1,0,0,1711,210902,PUNO,MOHO,CONIMA
658,0,1,0,1712,210903,PUNO,MOHO,HUAYRAPATA
659,1,0,0,1713,210904,PUNO,MOHO,TILALI
660,4,16,0,1714,211001,PUNO,SAN ANTONIO DE PUTINA,PUTINA
661,5,4,0,1715,211002,PUNO,SAN ANTONIO DE PUTINA,ANANEA
662,1,1,0,1717,211004,PUNO,SAN ANTONIO DE PUTINA,QUILCAPUNCU
663,0,1,0,1718,211005,PUNO,SAN ANTONIO DE PUTINA,SINA
664,145,283,5,1719,211101,PUNO,SAN ROMAN,JULIACA
665,0,3,0,1720,211102,PUNO,SAN ROMAN,CABANA
666,3,8,0,1721,211103,PUNO,SAN ROMAN,CABANILLAS
667,2,1,0,1722,211104,PUNO,SAN ROMAN,CARACOTO
668,10,7,0,1723,211105,PUNO,SAN ROMAN,SAN MIGUEL
669,5,6,0,1724,211201,PUNO,SANDIA,SANDIA
670,1,1,0,1725,211202,PUNO,SANDIA,CUYOCUYO
671,0,6,0,1728,211205,PUNO,SANDIA,PHARA
672,0,1,0,1729,211206,PUNO,SANDIA,QUIACA
673,1,1,0,173,021203,ANCASH,HUAYLAS,HUATA
674,0,2,0,1730,211207,PUNO,SANDIA,SAN JUAN DEL ORO
675,1,3,0,1732,211209,PUNO,SANDIA,ALTO INAMBARI
676,1,2,0,1733,211210,PUNO,SANDIA,SAN PEDRO DE PUTINA PUNCO
677,3,19,2,1734,211301,PUNO,YUNGUYO,YUNGUYO
678,1,1,0,1737,211304,PUNO,YUNGUYO,CUTURAPI
679,0,1,0,1738,211305,PUNO,YUNGUYO,OLLARAYA
680,1,3,0,174,021204,ANCASH,HUAYLAS,HUAYLAS
681,0,1,0,1740,211307,PUNO,YUNGUYO,UNICACHI
682,46,83,0,1741,220101,SAN MARTIN,MOYOBAMBA,MOYOBAMBA
683,4,3,0,1742,220102,SAN MARTIN,MOYOBAMBA,CALZADA
684,2,4,0,1744,220104,SAN MARTIN,MOYOBAMBA,JEPELACIO
685,2,9,0,1745,220105,SAN MARTIN,MOYOBAMBA,SORITOR
686,1,3,0,1746,220106,SAN MARTIN,MOYOBAMBA,YANTALO
687,10,8,0,1747,220201,SAN MARTIN,BELLAVISTA,BELLAVISTA
688,1,1,0,1748,220202,SAN MARTIN,BELLAVISTA,ALTO BIAVO
689,2,2,0,1749,220203,SAN MARTIN,BELLAVISTA,BAJO BIAVO
690,0,17,0,175,021205,ANCASH,HUAYLAS,MATO
691,0,1,0,1750,220204,SAN MARTIN,BELLAVISTA,HUALLAGA
692,0,1,0,1752,220206,SAN MARTIN,BELLAVISTA,SAN RAFAEL
693,10,3,0,1753,220301,SAN MARTIN,EL DORADO,SAN JOSE DE SISA
694,2,0,0,1754,220302,SAN MARTIN,EL DORADO,AGUA BLANCA
695,10,12,0,1758,220401,SAN MARTIN,HUALLAGA,SAPOSOA
696,1,0,0,1759,220402,SAN MARTIN,HUALLAGA,ALTO SAPOSOA
697,3,17,0,176,021206,ANCASH,HUAYLAS,PAMPAROMAS
698,2,0,0,1760,220403,SAN MARTIN,HUALLAGA,EL ESLABON
699,0,1,0,1761,220404,SAN MARTIN,HUALLAGA,PISCOYACU
700,2,0,0,1762,220405,SAN MARTIN,HUALLAGA,SACANCHE
701,0,1,0,1763,220406,SAN MARTIN,HUALLAGA,TINGO DE SAPOSOA
702,6,3,0,1764,220501,SAN MARTIN,LAMAS,LAMAS
703,2,3,0,1765,220502,SAN MARTIN,LAMAS,ALONSO DE ALVARADO
704,2,2,0,1767,220504,SAN MARTIN,LAMAS,CAYNARACHI
705,0,1,0,1768,220505,SAN MARTIN,LAMAS,CUÑUMBUQUI
706,0,1,0,1769,220506,SAN MARTIN,LAMAS,PINTO RECODO
707,3,5,0,177,021207,ANCASH,HUAYLAS,PUEBLO LIBRE
708,0,1,0,1772,220509,SAN MARTIN,LAMAS,SHANAO
709,4,5,0,1773,220510,SAN MARTIN,LAMAS,TABALOSOS
710,0,1,0,1774,220511,SAN MARTIN,LAMAS,ZAPATERO
711,10,25,0,1775,220601,SAN MARTIN,MARISCAL CACERES,JUANJUI
712,1,0,0,1776,220602,SAN MARTIN,MARISCAL CACERES,CAMPANILLA
713,0,2,0,1777,220603,SAN MARTIN,MARISCAL CACERES,HUICUNGO
714,0,7,0,178,021208,ANCASH,HUAYLAS,SANTA CRUZ
715,6,4,0,1780,220701,SAN MARTIN,PICOTA,PICOTA
716,3,1,0,1781,220702,SAN MARTIN,PICOTA,BUENOS AIRES
717,1,0,0,1782,220703,SAN MARTIN,PICOTA,CASPISAPA
718,1,0,0,1783,220704,SAN MARTIN,PICOTA,PILLUANA
719,1,0,0,1784,220705,SAN MARTIN,PICOTA,PUCACACA
720,1,0,0,1786,220707,SAN MARTIN,PICOTA,SAN HILARION
721,1,0,0,1787,220708,SAN MARTIN,PICOTA,SHAMBOYACU
722,1,0,0,1788,220709,SAN MARTIN,PICOTA,TINGO DE PONASA
723,0,3,0,179,021209,ANCASH,HUAYLAS,SANTO TORIBIO
724,15,33,1,1790,220801,SAN MARTIN,RIOJA,RIOJA
725,3,4,0,1791,220802,SAN MARTIN,RIOJA,AWAJUN
726,7,7,1,1792,220803,SAN MARTIN,RIOJA,ELIAS SOPLIN VARGAS
727,3,12,0,1793,220804,SAN MARTIN,RIOJA,NUEVA CAJAMARCA
728,6,7,0,1794,220805,SAN MARTIN,RIOJA,PARDO MIGUEL
729,0,1,0,1795,220806,SAN MARTIN,RIOJA,POSIC
730,2,1,0,1796,220807,SAN MARTIN,RIOJA,SAN FERNANDO
731,2,6,0,1797,220808,SAN MARTIN,RIOJA,YORONGOS
732,1,2,0,1798,220809,SAN MARTIN,RIOJA,YURACYACU
733,49,61,0,1799,220901,SAN MARTIN,SAN MARTIN,TARAPOTO
734,2,2,0,180,021210,ANCASH,HUAYLAS,YURACMARCA
735,2,2,0,1802,220904,SAN MARTIN,SAN MARTIN,CHAZUTA
736,10,15,0,1807,220909,SAN MARTIN,SAN MARTIN,LA BANDA DE SHILCAYO
737,14,12,0,1808,220910,SAN MARTIN,SAN MARTIN,MORALES
738,0,1,0,1809,220911,SAN MARTIN,SAN MARTIN,PAPAPLAYA
739,1,1,0,181,021301,ANCASH,MARISCAL LUZURIAGA,PISCOBAMBA
740,0,1,0,1810,220912,SAN MARTIN,SAN MARTIN,SAN ANTONIO
741,3,1,0,1811,220913,SAN MARTIN,SAN MARTIN,SAUCE
742,1,2,0,1812,220914,SAN MARTIN,SAN MARTIN,SHAPAJA
743,12,23,1,1813,221001,SAN MARTIN,TOCACHE,TOCACHE
744,2,1,0,1814,221002,SAN MARTIN,TOCACHE,NUEVO PROGRESO
745,3,1,0,1815,221003,SAN MARTIN,TOCACHE,POLVORA
746,9,24,1,1817,221005,SAN MARTIN,TOCACHE,UCHIZA
747,167,337,0,1818,230101,TACNA,TACNA,TACNA
748,30,50,0,1819,230102,TACNA,TACNA,ALTO DE LA ALIANZA
749,0,7,0,182,021302,ANCASH,MARISCAL LUZURIAGA,CASCA
750,4,3,0,1820,230103,TACNA,TACNA,CALANA
751,24,57,0,1821,230104,TACNA,TACNA,CIUDAD NUEVA
752,1,3,0,1822,230105,TACNA,TACNA,INCLAN
753,1,1,0,1823,230106,TACNA,TACNA,PACHIA
754,2,0,0,1824,230107,TACNA,TACNA,PALCA
755,12,22,0,1825,230108,TACNA,TACNA,POCOLLAY
756,2,2,0,1826,230109,TACNA,TACNA,SAMA
757,70,103,0,1827,230110,TACNA,TACNA,CORONEL GREGORIO ALBARRACIN LANCHIP
758,5,9,0,1828,230111,TACNA,TACNA,LA YARADA LOS PALOS
759,5,3,0,1829,230201,TACNA,CANDARAVE,CANDARAVE
760,0,2,0,1831,230203,TACNA,CANDARAVE,CAMILACA
761,1,0,0,1832,230204,TACNA,CANDARAVE,CURIBAYA
762,0,2,0,1833,230205,TACNA,CANDARAVE,HUANUARA
763,2,1,0,1834,230206,TACNA,CANDARAVE,QUILAHUANI
764,4,13,0,1835,230301,TACNA,JORGE BASADRE,LOCUMBA
765,24,44,0,1836,230302,TACNA,JORGE BASADRE,ILABAYA
766,2,7,0,1837,230303,TACNA,JORGE BASADRE,ITE
767,2,9,0,1838,230401,TACNA,TARATA,TARATA
768,51,128,0,1846,240101,TUMBES,TUMBES,TUMBES
769,5,24,0,1847,240102,TUMBES,TUMBES,CORRALES
770,1,9,0,1848,240103,TUMBES,TUMBES,LA CRUZ
771,2,2,0,1849,240104,TUMBES,TUMBES,PAMPAS DE HOSPITAL
772,2,0,0,185,021305,ANCASH,MARISCAL LUZURIAGA,LLAMA
773,3,5,0,1850,240105,TUMBES,TUMBES,SAN JACINTO
774,2,4,0,1851,240106,TUMBES,TUMBES,SAN JUAN DE LA VIRGEN
775,1,9,0,1852,240201,TUMBES,CONTRALMIRANTE VILLAR,ZORRITOS
776,0,1,0,1853,240202,TUMBES,CONTRALMIRANTE VILLAR,CASITAS
777,1,0,0,1854,240203,TUMBES,CONTRALMIRANTE VILLAR,CANOAS DE PUNTA SAL
778,11,12,0,1855,240301,TUMBES,ZARUMILLA,ZARUMILLA
779,0,6,0,1856,240302,TUMBES,ZARUMILLA,AGUAS VERDES
780,1,0,0,1857,240303,TUMBES,ZARUMILLA,MATAPALO
781,1,1,0,1858,240304,TUMBES,ZARUMILLA,PAPAYAL
782,70,152,0,1859,250101,UCAYALI,CORONEL PORTILLO,CALLERIA
783,1,3,0,186,021306,ANCASH,MARISCAL LUZURIAGA,LLUMPA
784,3,4,0,1860,250102,UCAYALI,CORONEL PORTILLO,CAMPOVERDE
785,5,1,0,1861,250103,UCAYALI,CORONEL PORTILLO,IPARIA
786,2,1,0,1862,250104,UCAYALI,CORONEL PORTILLO,MASISEA
787,40,84,0,1863,250105,UCAYALI,CORONEL PORTILLO,YARINACOCHA
788,2,1,0,1864,250106,UCAYALI,CORONEL PORTILLO,NUEVA REQUENA
789,17,21,0,1865,250107,UCAYALI,CORONEL PORTILLO,MANANTAY
790,14,4,0,1866,250201,UCAYALI,ATALAYA,RAYMONDI
791,1,0,0,1867,250202,UCAYALI,ATALAYA,SEPAHUA
792,1,1,0,1868,250203,UCAYALI,ATALAYA,TAHUANIA
793,1,2,0,1869,250204,UCAYALI,ATALAYA,YURUA
794,1,1,0,187,021307,ANCASH,MARISCAL LUZURIAGA,LUCMA
795,7,31,0,1870,250301,UCAYALI,PADRE ABAD,PADRE ABAD
796,2,10,0,1871,250302,UCAYALI,PADRE ABAD,IRAZOLA
797,3,3,0,1872,250303,UCAYALI,PADRE ABAD,CURIMANA
798,2,0,0,1873,250304,UCAYALI,PADRE ABAD,NESHUYA
799,1,1,0,1874,250305,UCAYALI,PADRE ABAD,ALEXANDER VON HUMBOLDT
800,1,0,0,1875,250401,UCAYALI,PURUS,PURUS
801,0,2,0,1893,160109,LORETO,MAYNAS,PUTUMAYO
802,0,1,0,191,021403,ANCASH,OCROS,CAJAMARQUILLA
803,1,0,0,194,021406,ANCASH,OCROS,CONGAS
804,2,7,0,199,021501,ANCASH,PALLASCA,CABANA
805,1,0,0,2,010102,AMAZONAS,CHACHAPOYAS,ASUNCION
806,1,7,0,201,021503,ANCASH,PALLASCA,CONCHUCOS
807,0,1,0,203,021505,ANCASH,PALLASCA,HUANDOVAL
808,2,4,0,206,021508,ANCASH,PALLASCA,PALLASCA
809,1,1,0,207,021509,ANCASH,PALLASCA,PAMPAS
810,0,1,0,208,021510,ANCASH,PALLASCA,SANTA ROSA
811,1,2,0,209,021511,ANCASH,PALLASCA,TAUCA
812,7,38,0,210,021601,ANCASH,POMABAMBA,POMABAMBA
813,0,8,0,211,021602,ANCASH,POMABAMBA,HUAYLLAN
814,1,1,0,212,021603,ANCASH,POMABAMBA,PAROBAMBA
815,1,0,0,213,021604,ANCASH,POMABAMBA,QUINUABAMBA
816,6,19,0,214,021701,ANCASH,RECUAY,RECUAY
817,5,8,0,215,021702,ANCASH,RECUAY,CATAC
818,1,0,0,216,021703,ANCASH,RECUAY,COTAPARACO
819,0,1,0,217,021704,ANCASH,RECUAY,HUAYLLAPAMPA
820,0,1,0,218,021705,ANCASH,RECUAY,LLACLLIN
821,0,1,0,219,021706,ANCASH,RECUAY,MARCA
822,16,54,0,22,010201,AMAZONAS,BAGUA,BAGUA
823,0,1,0,220,021707,ANCASH,RECUAY,PAMPAS CHICO
824,0,1,0,221,021708,ANCASH,RECUAY,PARARIN
825,2,3,0,223,021710,ANCASH,RECUAY,TICAPAMPA
826,142,450,0,224,021801,ANCASH,SANTA,CHIMBOTE
827,2,2,0,225,021802,ANCASH,SANTA,CACERES DEL PERU
828,11,33,0,226,021803,ANCASH,SANTA,COISHCO
829,0,1,0,227,021804,ANCASH,SANTA,MACATE
830,2,9,0,228,021805,ANCASH,SANTA,MORO
831,1,10,0,229,021806,ANCASH,SANTA,NEPEÑA
832,28,33,0,23,010202,AMAZONAS,BAGUA,ARAMANGO
833,1,1,0,230,021807,ANCASH,SANTA,SAMANCO
834,7,32,0,231,021808,ANCASH,SANTA,SANTA
835,78,273,0,232,021809,ANCASH,SANTA,NUEVO CHIMBOTE
836,4,9,0,233,021901,ANCASH,SIHUAS,SIHUAS
837,0,1,0,236,021904,ANCASH,SIHUAS,CASHAPAMPA
838,0,3,0,238,021906,ANCASH,SIHUAS,HUAYLLABAMBA
839,1,6,0,239,021907,ANCASH,SIHUAS,QUICHES
840,2,10,0,24,010203,AMAZONAS,BAGUA,COPALLIN
841,0,1,0,240,021908,ANCASH,SIHUAS,RAGASH
842,2,2,0,241,021909,ANCASH,SIHUAS,SAN JUAN
843,0,3,0,242,021910,ANCASH,SIHUAS,SICSIBAMBA
844,4,32,0,243,022001,ANCASH,YUNGAY,YUNGAY
845,0,10,0,245,022003,ANCASH,YUNGAY,MANCOS
846,0,1,0,246,022004,ANCASH,YUNGAY,MATACOTO
847,0,2,0,247,022005,ANCASH,YUNGAY,QUILLO
848,1,5,0,248,022006,ANCASH,YUNGAY,RANRAHIRCA
849,0,1,0,249,022007,ANCASH,YUNGAY,SHUPLUY
850,1,1,0,25,010204,AMAZONAS,BAGUA,EL PARCO
851,0,5,0,250,022008,ANCASH,YUNGAY,YANAMA
852,80,140,0,251,030101,APURIMAC,ABANCAY,ABANCAY
853,0,1,0,252,030102,APURIMAC,ABANCAY,CHACOCHE
854,0,2,0,253,030103,APURIMAC,ABANCAY,CIRCA
855,10,16,0,254,030104,APURIMAC,ABANCAY,CURAHUASI
856,1,1,0,255,030105,APURIMAC,ABANCAY,HUANIPACA
857,5,7,0,256,030106,APURIMAC,ABANCAY,LAMBRAMA
858,2,2,0,257,030107,APURIMAC,ABANCAY,PICHIRHUA
859,2,6,0,258,030108,APURIMAC,ABANCAY,SAN PEDRO DE CACHORA
860,4,23,0,259,030109,APURIMAC,ABANCAY,TAMBURCO
861,12,10,0,26,010205,AMAZONAS,BAGUA,IMAZA
862,35,75,0,260,030201,APURIMAC,ANDAHUAYLAS,ANDAHUAYLAS
863,2,0,0,261,030202,APURIMAC,ANDAHUAYLAS,ANDARAPA
864,1,4,0,263,030204,APURIMAC,ANDAHUAYLAS,HUANCARAMA
865,0,6,0,264,030205,APURIMAC,ANDAHUAYLAS,HUANCARAY
866,0,1,0,265,030206,APURIMAC,ANDAHUAYLAS,HUAYANA
867,3,0,0,266,030207,APURIMAC,ANDAHUAYLAS,KISHUARA
868,1,4,0,267,030208,APURIMAC,ANDAHUAYLAS,PACOBAMBA
869,2,2,0,268,030209,APURIMAC,ANDAHUAYLAS,PACUCHA
870,2,2,0,269,030210,APURIMAC,ANDAHUAYLAS,PAMPACHIRI
871,4,16,0,27,010206,AMAZONAS,BAGUA,LA PECA
872,2,0,0,270,030211,APURIMAC,ANDAHUAYLAS,POMACOCHA
873,0,1,0,271,030212,APURIMAC,ANDAHUAYLAS,SAN ANTONIO DE CACHI
874,8,26,0,272,030213,APURIMAC,ANDAHUAYLAS,SAN JERONIMO
875,0,1,0,273,030214,APURIMAC,ANDAHUAYLAS,SAN MIGUEL DE CHACCRAMPA
876,2,7,0,274,030215,APURIMAC,ANDAHUAYLAS,SANTA MARIA DE CHICMO
877,8,12,0,275,030216,APURIMAC,ANDAHUAYLAS,TALAVERA
878,1,0,0,276,030217,APURIMAC,ANDAHUAYLAS,TUMAY HUARACA
879,1,3,0,277,030218,APURIMAC,ANDAHUAYLAS,TURPO
880,0,3,0,278,030219,APURIMAC,ANDAHUAYLAS,KAQUIABAMBA
881,0,3,0,279,030220,APURIMAC,ANDAHUAYLAS,JOSE MARIA ARGUEDAS
882,2,3,0,28,010301,AMAZONAS,BONGARA,JUMBILLA
883,5,21,0,280,030301,APURIMAC,ANTABAMBA,ANTABAMBA
884,0,1,0,281,030302,APURIMAC,ANTABAMBA,EL ORO
885,0,1,0,282,030303,APURIMAC,ANTABAMBA,HUAQUIRCA
886,3,3,0,283,030304,APURIMAC,ANTABAMBA,JUAN ESPINOZA MEDRANO
887,1,0,0,284,030305,APURIMAC,ANTABAMBA,OROPESA
888,1,1,0,285,030306,APURIMAC,ANTABAMBA,PACHACONAS
889,2,2,0,286,030307,APURIMAC,ANTABAMBA,SABAINO
890,4,15,0,287,030401,APURIMAC,AYMARAES,CHALHUANCA
891,0,1,0,289,030403,APURIMAC,AYMARAES,CARAYBAMBA
892,2,2,0,290,030404,APURIMAC,AYMARAES,CHAPIMARCA
893,2,4,0,292,030406,APURIMAC,AYMARAES,COTARUSE
894,0,1,0,293,030407,APURIMAC,AYMARAES,HUAYLLO
895,0,2,0,295,030409,APURIMAC,AYMARAES,LUCRE
896,1,0,0,3,010103,AMAZONAS,CHACHAPOYAS,BALSAS
897,2,2,0,300,030414,APURIMAC,AYMARAES,TAPAIRIHUA
898,1,0,0,301,030415,APURIMAC,AYMARAES,TINTAY
899,1,0,0,302,030416,APURIMAC,AYMARAES,TORAYA
900,5,27,0,304,030501,APURIMAC,COTABAMBAS,TAMBOBAMBA
901,1,6,0,305,030502,APURIMAC,COTABAMBAS,COTABAMBAS
902,2,11,0,306,030503,APURIMAC,COTABAMBAS,COYLLURQUI
903,9,17,0,307,030504,APURIMAC,COTABAMBAS,HAQUIRA
904,2,11,0,308,030505,APURIMAC,COTABAMBAS,MARA
905,14,85,0,309,030506,APURIMAC,COTABAMBAS,CHALLHUAHUACHO
906,3,11,0,310,030601,APURIMAC,CHINCHEROS,CHINCHEROS
907,2,8,0,311,030602,APURIMAC,CHINCHEROS,ANCO-HUALLO
908,1,1,0,312,030603,APURIMAC,CHINCHEROS,COCHARCAS
909,0,5,0,313,030604,APURIMAC,CHINCHEROS,HUACCANA
910,2,8,0,314,030605,APURIMAC,CHINCHEROS,OCOBAMBA
911,0,1,0,315,030606,APURIMAC,CHINCHEROS,ONGOY
912,1,1,0,316,030607,APURIMAC,CHINCHEROS,URANMARCA
913,1,2,0,318,030609,APURIMAC,CHINCHEROS,ROCCHACC
914,2,6,0,321,030701,APURIMAC,GRAU,CHUQUIBAMBILLA
915,1,0,0,322,030702,APURIMAC,GRAU,CURPAHUASI
916,2,1,0,323,030703,APURIMAC,GRAU,GAMARRA
917,1,0,0,326,030706,APURIMAC,GRAU,MICAELA BASTIDAS
918,0,1,0,328,030708,APURIMAC,GRAU,PROGRESO
919,1,0,0,329,030709,APURIMAC,GRAU,SAN ANTONIO
920,3,5,0,33,010306,AMAZONAS,BONGARA,FLORIDA
921,1,2,0,332,030712,APURIMAC,GRAU,VILCABAMBA
922,0,2,0,334,030714,APURIMAC,GRAU,CURASCO
923,296,896,6,335,040101,AREQUIPA,AREQUIPA,AREQUIPA
924,108,259,2,336,040102,AREQUIPA,AREQUIPA,ALTO SELVA ALEGRE
925,124,303,4,337,040103,AREQUIPA,AREQUIPA,CAYMA
926,221,526,4,338,040104,AREQUIPA,AREQUIPA,CERRO COLORADO
927,8,30,0,339,040105,AREQUIPA,AREQUIPA,CHARACATO
928,10,7,0,34,010307,AMAZONAS,BONGARA,JAZAN
929,4,12,0,340,040106,AREQUIPA,AREQUIPA,CHIGUATA
930,76,134,1,341,040107,AREQUIPA,AREQUIPA,JACOBO HUNTER
931,14,51,0,342,040108,AREQUIPA,AREQUIPA,LA JOYA
932,60,157,1,343,040109,AREQUIPA,AREQUIPA,MARIANO MELGAR
933,72,174,1,344,040110,AREQUIPA,AREQUIPA,MIRAFLORES
934,3,4,0,345,040111,AREQUIPA,AREQUIPA,MOLLEBAYA
935,158,379,8,346,040112,AREQUIPA,AREQUIPA,PAUCARPATA
936,1,0,0,347,040113,AREQUIPA,AREQUIPA,POCSI
937,3,5,0,349,040115,AREQUIPA,AREQUIPA,QUEQUEÑA
938,6,15,0,350,040116,AREQUIPA,AREQUIPA,SABANDIA
939,43,112,0,351,040117,AREQUIPA,AREQUIPA,SACHACA
940,1,1,0,352,040118,AREQUIPA,AREQUIPA,SAN JUAN DE SIGUAS
941,2,3,0,355,040121,AREQUIPA,AREQUIPA,SANTA RITA DE SIGUAS
942,96,198,4,356,040122,AREQUIPA,AREQUIPA,SOCABAYA
943,26,50,1,357,040123,AREQUIPA,AREQUIPA,TIABAYA
944,30,55,1,358,040124,AREQUIPA,AREQUIPA,UCHUMAYO
945,1,8,0,359,040125,AREQUIPA,AREQUIPA,VITOR
946,65,139,2,360,040126,AREQUIPA,AREQUIPA,YANAHUARA
947,4,7,0,361,040127,AREQUIPA,AREQUIPA,YARABAMBA
948,39,73,0,362,040128,AREQUIPA,AREQUIPA,YURA
949,156,249,6,363,040129,AREQUIPA,AREQUIPA,JOSE LUIS BUSTAMANTE Y RIVERO
950,13,64,0,364,040201,AREQUIPA,CAMANA,CAMANA
951,1,5,0,365,040202,AREQUIPA,CAMANA,JOSE MARIA QUIMPER
952,6,5,0,366,040203,AREQUIPA,CAMANA,MARIANO NICOLAS VALCARCEL
953,1,5,0,367,040204,AREQUIPA,CAMANA,MARISCAL CACERES
954,2,13,1,368,040205,AREQUIPA,CAMANA,NICOLAS DE PIEROLA
955,3,5,0,369,040206,AREQUIPA,CAMANA,OCOÑA
956,0,2,0,37,010310,AMAZONAS,BONGARA,SHIPASBAMBA
957,9,25,0,371,040208,AREQUIPA,CAMANA,SAMUEL PASTOR
958,5,11,0,372,040301,AREQUIPA,CARAVELI,CARAVELI
959,4,4,0,373,040302,AREQUIPA,CARAVELI,ACARI
960,2,1,0,374,040303,AREQUIPA,CARAVELI,ATICO
961,2,0,0,375,040304,AREQUIPA,CARAVELI,ATIQUIPA
962,2,3,0,376,040305,AREQUIPA,CARAVELI,BELLA UNION
963,1,7,0,378,040307,AREQUIPA,CARAVELI,CHALA
964,1,0,0,379,040308,AREQUIPA,CARAVELI,CHAPARRA
965,3,3,0,380,040309,AREQUIPA,CARAVELI,HUANUHUANU
966,1,3,0,381,040310,AREQUIPA,CARAVELI,JAQUI
967,1,2,0,382,040311,AREQUIPA,CARAVELI,LOMAS
968,1,0,0,383,040312,AREQUIPA,CARAVELI,QUICACHA
969,0,1,0,384,040313,AREQUIPA,CARAVELI,YAUCA
970,10,21,0,385,040401,AREQUIPA,CASTILLA,APLAO
971,2,0,0,386,040402,AREQUIPA,CASTILLA,ANDAGUA
972,0,1,0,388,040404,AREQUIPA,CASTILLA,CHACHAS
973,3,1,0,39,010312,AMAZONAS,BONGARA,YAMBRASBAMBA
974,1,0,0,390,040406,AREQUIPA,CASTILLA,CHOCO
975,0,3,0,391,040407,AREQUIPA,CASTILLA,HUANCARQUI
976,1,0,0,392,040408,AREQUIPA,CASTILLA,MACHAGUAY
977,10,22,0,393,040409,AREQUIPA,CASTILLA,ORCOPAMPA
978,2,5,0,394,040410,AREQUIPA,CASTILLA,PAMPACOLCA
979,3,14,0,397,040413,AREQUIPA,CASTILLA,URACA
980,1,2,0,398,040414,AREQUIPA,CASTILLA,VIRACO
981,16,6,0,399,040501,AREQUIPA,CAYLLOMA,CHIVAY
982,1,0,0,4,010104,AMAZONAS,CHACHAPOYAS,CHETO
983,9,29,0,40,010401,AMAZONAS,CONDORCANQUI,NIEVA
984,0,1,0,400,040502,AREQUIPA,CAYLLOMA,ACHOMA
985,3,6,0,401,040503,AREQUIPA,CAYLLOMA,CABANACONDE
986,0,3,0,402,040504,AREQUIPA,CAYLLOMA,CALLALLI
987,5,16,0,403,040505,AREQUIPA,CAYLLOMA,CAYLLOMA
988,1,1,0,404,040506,AREQUIPA,CAYLLOMA,COPORAQUE
989,0,2,0,406,040508,AREQUIPA,CAYLLOMA,HUANCA
990,3,0,0,408,040510,AREQUIPA,CAYLLOMA,LARI
991,0,1,0,409,040511,AREQUIPA,CAYLLOMA,LLUTA
992,3,4,0,41,010402,AMAZONAS,CONDORCANQUI,EL CENEPA
993,0,2,0,410,040512,AREQUIPA,CAYLLOMA,MACA
994,0,1,0,411,040513,AREQUIPA,CAYLLOMA,MADRIGAL
995,2,1,0,413,040515,AREQUIPA,CAYLLOMA,SIBAYO
996,0,1,0,414,040516,AREQUIPA,CAYLLOMA,TAPAY
997,0,1,0,415,040517,AREQUIPA,CAYLLOMA,TISCO
998,1,1,0,416,040518,AREQUIPA,CAYLLOMA,TUTI
999,0,2,0,417,040519,AREQUIPA,CAYLLOMA,YANQUE
1000,56,100,0,418,040520,AREQUIPA,CAYLLOMA,MAJES
1001,4,7,0,419,040601,AREQUIPA,CONDESUYOS,CHUQUIBAMBA
1002,4,6,0,42,010403,AMAZONAS,CONDORCANQUI,RIO SANTIAGO
1003,1,4,0,421,040603,AREQUIPA,CONDESUYOS,CAYARANI
1004,1,0,0,422,040604,AREQUIPA,CONDESUYOS,CHICHAS
1005,0,1,0,423,040605,AREQUIPA,CONDESUYOS,IRAY
1006,3,18,0,424,040606,AREQUIPA,CONDESUYOS,RIO GRANDE
1007,4,3,0,426,040608,AREQUIPA,CONDESUYOS,YANAQUIHUA
1008,25,54,0,427,040701,AREQUIPA,ISLAY,MOLLENDO
1009,2,10,0,428,040702,AREQUIPA,ISLAY,COCACHACRA
1010,6,4,0,429,040703,AREQUIPA,ISLAY,DEAN VALDIVIA
1011,2,2,0,43,010501,AMAZONAS,LUYA,LAMUD
1012,5,16,0,430,040704,AREQUIPA,ISLAY,ISLAY
1013,2,5,0,432,040706,AREQUIPA,ISLAY,PUNTA DE BOMBON
1014,2,0,0,433,040801,AREQUIPA,LA UNION,COTAHUASI
1015,1,7,0,434,040802,AREQUIPA,LA UNION,ALCA
1016,0,2,0,436,040804,AREQUIPA,LA UNION,HUAYNACOTAS
1017,0,1,0,439,040807,AREQUIPA,LA UNION,QUECHUALLA
1018,1,2,0,44,010502,AMAZONAS,LUYA,CAMPORREDONDO
1019,0,1,0,440,040808,AREQUIPA,LA UNION,SAYLA
1020,1,1,0,441,040809,AREQUIPA,LA UNION,TAURIA
1021,97,151,0,444,050101,AYACUCHO,HUAMANGA,AYACUCHO
1022,0,3,0,445,050102,AYACUCHO,HUAMANGA,ACOCRO
1023,8,14,0,447,050104,AYACUCHO,HUAMANGA,CARMEN ALTO
1024,0,1,0,448,050105,AYACUCHO,HUAMANGA,CHIARA
1025,1,1,0,449,050106,AYACUCHO,HUAMANGA,OCROS
1026,1,0,0,450,050107,AYACUCHO,HUAMANGA,PACAYCASA
1027,0,5,0,451,050108,AYACUCHO,HUAMANGA,QUINUA
1028,17,57,0,453,050110,AYACUCHO,HUAMANGA,SAN JUAN BAUTISTA
1029,0,1,0,457,050114,AYACUCHO,HUAMANGA,VINCHOS
1030,9,28,0,458,050115,AYACUCHO,HUAMANGA,JESUS NAZARENO
1031,11,9,0,459,050116,AYACUCHO,HUAMANGA,ANDRES AVELINO CACERES DORREGARAY
1032,3,5,0,460,050201,AYACUCHO,CANGALLO,CANGALLO
1033,2,1,0,461,050202,AYACUCHO,CANGALLO,CHUSCHI
1034,2,11,0,462,050203,AYACUCHO,CANGALLO,LOS MOROCHUCOS
1035,1,2,0,463,050204,AYACUCHO,CANGALLO,MARIA PARADO DE BELLIDO
1036,0,7,0,465,050206,AYACUCHO,CANGALLO,TOTOS
1037,2,4,0,466,050301,AYACUCHO,HUANCA SANCOS,SANCOS
1038,0,1,0,468,050303,AYACUCHO,HUANCA SANCOS,SACSAMARCA
1039,0,2,0,469,050304,AYACUCHO,HUANCA SANCOS,SANTIAGO DE LUCANAMARCA
1040,22,36,0,470,050401,AYACUCHO,HUANTA,HUANTA
1041,0,1,0,473,050404,AYACUCHO,HUANTA,IGUAIN
1042,4,5,0,474,050405,AYACUCHO,HUANTA,LURICOCHA
1043,1,1,0,475,050406,AYACUCHO,HUANTA,SANTILLANA
1044,2,5,0,476,050407,AYACUCHO,HUANTA,SIVIA
1045,5,8,0,477,050408,AYACUCHO,HUANTA,LLOCHEGUA
1046,10,13,0,482,050501,AYACUCHO,LA MAR,SAN MIGUEL
1047,2,4,0,483,050502,AYACUCHO,LA MAR,ANCO
1048,4,11,0,484,050503,AYACUCHO,LA MAR,AYNA
1049,0,4,0,486,050505,AYACUCHO,LA MAR,CHUNGUI
1050,3,7,0,488,050507,AYACUCHO,LA MAR,SANTA ROSA
1051,1,14,0,489,050508,AYACUCHO,LA MAR,TAMBO
1052,5,0,0,490,050509,AYACUCHO,LA MAR,SAMUGARI
1053,1,1,0,492,050511,AYACUCHO,LA MAR,ORONCCOY
1054,13,16,0,493,050601,AYACUCHO,LUCANAS,PUQUIO
1055,3,0,0,494,050602,AYACUCHO,LUCANAS,AUCARA
1056,3,0,0,497,050605,AYACUCHO,LUCANAS,CHAVIÑA
1057,1,0,0,498,050606,AYACUCHO,LUCANAS,CHIPAO
1058,1,0,0,499,050607,AYACUCHO,LUCANAS,HUAC-HUAS
1059,0,2,0,500,050608,AYACUCHO,LUCANAS,LARAMATE
1060,1,0,0,502,050610,AYACUCHO,LUCANAS,LLAUTA
1061,0,1,0,503,050611,AYACUCHO,LUCANAS,LUCANAS
1062,1,1,0,504,050612,AYACUCHO,LUCANAS,OCAÑA
1063,0,3,0,505,050613,AYACUCHO,LUCANAS,OTOCA
1064,1,0,0,506,050614,AYACUCHO,LUCANAS,SAISA
1065,4,0,0,51,010509,AMAZONAS,LUYA,LUYA
1066,0,1,0,511,050619,AYACUCHO,LUCANAS,SANCOS
1067,0,1,0,513,050621,AYACUCHO,LUCANAS,SANTA LUCIA
1068,6,11,0,514,050701,AYACUCHO,PARINACOCHAS,CORACORA
1069,0,2,0,515,050702,AYACUCHO,PARINACOCHAS,CHUMPI
1070,2,11,0,516,050703,AYACUCHO,PARINACOCHAS,CORONEL CASTAÑEDA
1071,0,1,0,517,050704,AYACUCHO,PARINACOCHAS,PACAPAUSA
1072,1,0,0,519,050706,AYACUCHO,PARINACOCHAS,PUYUSCA
1073,0,1,0,520,050707,AYACUCHO,PARINACOCHAS,SAN FRANCISCO DE RAVACAYCO
1074,4,5,0,522,050801,AYACUCHO,PAUCAR DEL SARA SARA,PAUSA
1075,0,1,0,523,050802,AYACUCHO,PAUCAR DEL SARA SARA,COLTA
1076,0,1,0,525,050804,AYACUCHO,PAUCAR DEL SARA SARA,LAMPA
1077,0,2,0,526,050805,AYACUCHO,PAUCAR DEL SARA SARA,MARCABAMBA
1078,3,13,0,527,050806,AYACUCHO,PAUCAR DEL SARA SARA,OYOLO
1079,0,2,0,529,050808,AYACUCHO,PAUCAR DEL SARA SARA,SAN JAVIER DE ALPABAMBA
1080,1,0,0,53,010511,AMAZONAS,LUYA,MARIA
1081,6,13,0,532,050901,AYACUCHO,SUCRE,QUEROBAMBA
1082,1,2,0,537,050906,AYACUCHO,SUCRE,MORCOLLA
1083,2,5,0,54,010512,AMAZONAS,LUYA,OCALLI
1084,1,1,0,542,050911,AYACUCHO,SUCRE,SORAS
1085,2,1,0,543,051001,AYACUCHO,VICTOR FAJARDO,HUANCAPI
1086,0,1,0,544,051002,AYACUCHO,VICTOR FAJARDO,ALCAMENCA
1087,1,0,0,545,051003,AYACUCHO,VICTOR FAJARDO,APONGO
1088,2,11,0,547,051005,AYACUCHO,VICTOR FAJARDO,CANARIA
1089,1,0,0,548,051006,AYACUCHO,VICTOR FAJARDO,CAYARA
1090,0,1,0,55,010513,AMAZONAS,LUYA,OCUMAL
1091,0,1,0,551,051009,AYACUCHO,VICTOR FAJARDO,HUANCARAYLLA
1092,0,2,0,553,051011,AYACUCHO,VICTOR FAJARDO,SARHUA
1093,0,2,0,555,051101,AYACUCHO,VILCAS HUAMAN,VILCAS HUAMAN
1094,1,0,0,556,051102,AYACUCHO,VILCAS HUAMAN,ACCOMARCA
1095,1,1,0,558,051104,AYACUCHO,VILCAS HUAMAN,CONCEPCION
1096,0,4,0,56,010514,AMAZONAS,LUYA,PISUQUIA
1097,0,2,0,561,051107,AYACUCHO,VILCAS HUAMAN,SAURAMA
1098,1,0,0,562,051108,AYACUCHO,VILCAS HUAMAN,VISCHONGO
1099,246,938,0,563,060101,CAJAMARCA,CAJAMARCA,CAJAMARCA
1100,0,2,0,564,060102,CAJAMARCA,CAJAMARCA,ASUNCION
1101,0,1,0,565,060103,CAJAMARCA,CAJAMARCA,CHETILLA
1102,0,2,0,566,060104,CAJAMARCA,CAJAMARCA,COSPAN
1103,11,15,0,567,060105,CAJAMARCA,CAJAMARCA,ENCAÑADA
1104,2,7,0,568,060106,CAJAMARCA,CAJAMARCA,JESUS
1105,0,1,0,569,060107,CAJAMARCA,CAJAMARCA,LLACANORA
1106,24,53,1,570,060108,CAJAMARCA,CAJAMARCA,LOS BAÑOS DEL INCA
1107,0,2,0,571,060109,CAJAMARCA,CAJAMARCA,MAGDALENA
1108,1,1,0,572,060110,CAJAMARCA,CAJAMARCA,MATARA
1109,0,2,0,574,060112,CAJAMARCA,CAJAMARCA,SAN JUAN
1110,13,41,3,575,060201,CAJAMARCA,CAJABAMBA,CAJABAMBA
1111,3,9,0,576,060202,CAJAMARCA,CAJABAMBA,CACHACHI
1112,3,1,0,577,060203,CAJAMARCA,CAJABAMBA,CONDEBAMBA
1113,2,4,0,578,060204,CAJAMARCA,CAJABAMBA,SITACOCHA
1114,6,33,0,579,060301,CAJAMARCA,CELENDIN,CELENDIN
1115,1,0,0,58,010516,AMAZONAS,LUYA,SAN CRISTOBAL
1116,0,2,0,582,060304,CAJAMARCA,CELENDIN,HUASMIN
1117,1,3,0,584,060306,CAJAMARCA,CELENDIN,JOSE GALVEZ
1118,0,1,0,585,060307,CAJAMARCA,CELENDIN,MIGUEL IGLESIAS
1119,1,2,0,588,060310,CAJAMARCA,CELENDIN,SUCRE
1120,0,1,0,59,010517,AMAZONAS,LUYA,SAN FRANCISCO DEL YESO
1121,1,1,0,590,060312,CAJAMARCA,CELENDIN,LA LIBERTAD DE PALLAN
1122,36,33,0,591,060401,CAJAMARCA,CHOTA,CHOTA
1123,0,1,0,593,060403,CAJAMARCA,CHOTA,CHADIN
1124,1,0,0,595,060405,CAJAMARCA,CHOTA,CHIMBAN
1125,0,1,0,597,060407,CAJAMARCA,CHOTA,COCHABAMBA
1126,0,2,0,598,060408,CAJAMARCA,CHOTA,CONCHAN
1127,2,2,0,599,060409,CAJAMARCA,CHOTA,HUAMBOS
1128,3,5,0,600,060410,CAJAMARCA,CHOTA,LAJAS
1129,3,11,0,601,060411,CAJAMARCA,CHOTA,LLAMA
1130,1,0,0,603,060413,CAJAMARCA,CHOTA,PACCHA
1131,3,6,0,605,060415,CAJAMARCA,CHOTA,QUEROCOTO
1132,2,3,0,607,060417,CAJAMARCA,CHOTA,TACABAMBA
1133,0,2,0,608,060418,CAJAMARCA,CHOTA,TOCMOCHE
1134,1,0,0,609,060419,CAJAMARCA,CHOTA,CHALAMARCA
1135,2,6,0,610,060501,CAJAMARCA,CONTUMAZA,CONTUMAZA
1136,1,4,0,611,060502,CAJAMARCA,CONTUMAZA,CHILETE
1137,0,1,0,612,060503,CAJAMARCA,CONTUMAZA,CUPISNIQUE
1138,1,0,0,614,060505,CAJAMARCA,CONTUMAZA,SAN BENITO
1139,2,12,0,617,060508,CAJAMARCA,CONTUMAZA,YONAN
1140,17,22,0,618,060601,CAJAMARCA,CUTERVO,CUTERVO
1141,1,3,0,619,060602,CAJAMARCA,CUTERVO,CALLAYUC
1142,0,1,0,621,060604,CAJAMARCA,CUTERVO,CUJILLO
1143,0,1,0,622,060605,CAJAMARCA,CUTERVO,LA RAMADA
1144,1,2,0,624,060607,CAJAMARCA,CUTERVO,QUEROCOTILLO
1145,0,3,0,625,060608,CAJAMARCA,CUTERVO,SAN ANDRES DE CUTERVO
1146,2,0,0,627,060610,CAJAMARCA,CUTERVO,SAN LUIS DE LUCMA
1147,1,1,0,628,060611,CAJAMARCA,CUTERVO,SANTA CRUZ
1148,0,1,0,629,060612,CAJAMARCA,CUTERVO,SANTO DOMINGO DE LA CAPILLA
1149,0,1,0,630,060613,CAJAMARCA,CUTERVO,SANTO TOMAS
1150,2,1,0,631,060614,CAJAMARCA,CUTERVO,SOCOTA
1151,15,58,0,633,060701,CAJAMARCA,HUALGAYOC,BAMBAMARCA
1152,1,5,0,634,060702,CAJAMARCA,HUALGAYOC,CHUGUR
1153,4,18,0,635,060703,CAJAMARCA,HUALGAYOC,HUALGAYOC
1154,66,50,2,636,060801,CAJAMARCA,JAEN,JAEN
1155,10,1,0,637,060802,CAJAMARCA,JAEN,BELLAVISTA
1156,0,2,0,638,060803,CAJAMARCA,JAEN,CHONTALI
1157,0,1,0,639,060804,CAJAMARCA,JAEN,COLASAY
1158,0,1,0,64,010522,AMAZONAS,LUYA,TINGO
1159,3,1,0,642,060807,CAJAMARCA,JAEN,POMAHUACA
1160,3,6,0,643,060808,CAJAMARCA,JAEN,PUCARA
1161,1,0,0,644,060809,CAJAMARCA,JAEN,SALLIQUE
1162,0,5,0,645,060810,CAJAMARCA,JAEN,SAN FELIPE
1163,1,2,0,647,060812,CAJAMARCA,JAEN,SANTA ROSA
1164,13,24,0,648,060901,CAJAMARCA,SAN IGNACIO,SAN IGNACIO
1165,0,2,0,649,060902,CAJAMARCA,SAN IGNACIO,CHIRINOS
1166,2,12,0,650,060903,CAJAMARCA,SAN IGNACIO,HUARANGO
1167,3,10,0,651,060904,CAJAMARCA,SAN IGNACIO,LA COIPA
1168,2,2,0,652,060905,CAJAMARCA,SAN IGNACIO,NAMBALLE
1169,3,6,0,653,060906,CAJAMARCA,SAN IGNACIO,SAN JOSE DE LOURDES
1170,1,2,0,654,060907,CAJAMARCA,SAN IGNACIO,TABACONAS
1171,8,6,0,655,061001,CAJAMARCA,SAN MARCOS,PEDRO GALVEZ
1172,0,1,0,657,061003,CAJAMARCA,SAN MARCOS,EDUARDO VILLANUEVA
1173,0,1,0,658,061004,CAJAMARCA,SAN MARCOS,GREGORIO PITA
1174,3,15,0,66,010601,AMAZONAS,RODRIGUEZ DE MENDOZA,SAN NICOLAS
1175,0,2,0,660,061006,CAJAMARCA,SAN MARCOS,JOSE MANUEL QUIROZ
1176,2,0,0,661,061007,CAJAMARCA,SAN MARCOS,JOSE SABOGAL
1177,4,7,0,662,061101,CAJAMARCA,SAN MIGUEL,SAN MIGUEL
1178,0,6,0,664,061103,CAJAMARCA,SAN MIGUEL,CALQUIS
1179,0,1,0,665,061104,CAJAMARCA,SAN MIGUEL,CATILLUC
1180,2,2,0,666,061105,CAJAMARCA,SAN MIGUEL,EL PRADO
1181,2,1,0,667,061106,CAJAMARCA,SAN MIGUEL,LA FLORIDA
1182,2,2,0,668,061107,CAJAMARCA,SAN MIGUEL,LLAPA
1183,0,6,0,673,061112,CAJAMARCA,SAN MIGUEL,TONGOD
1184,4,23,0,675,061201,CAJAMARCA,SAN PABLO,SAN PABLO
1185,0,2,0,676,061202,CAJAMARCA,SAN PABLO,SAN BERNARDINO
1186,2,0,0,679,061301,CAJAMARCA,SANTA CRUZ,SANTA CRUZ
1187,0,2,0,68,010603,AMAZONAS,RODRIGUEZ DE MENDOZA,COCHAMAL
1188,1,1,0,681,061303,CAJAMARCA,SANTA CRUZ,CATACHE
1189,1,0,0,682,061304,CAJAMARCA,SANTA CRUZ,CHANCAYBAÑOS
1190,1,0,0,684,061306,CAJAMARCA,SANTA CRUZ,NINABAMBA
1191,1,6,0,685,061307,CAJAMARCA,SANTA CRUZ,PULAN
1192,0,14,0,69,010604,AMAZONAS,RODRIGUEZ DE MENDOZA,HUAMBO
1193,423,796,3,690,070101,CALLAO,CALLAO,CALLAO
1194,65,129,0,691,070102,CALLAO,CALLAO,BELLAVISTA
1195,38,47,0,692,070103,CALLAO,CALLAO,CARMEN DE LA LEGUA REYNOSO
1196,53,88,0,693,070104,CALLAO,CALLAO,LA PERLA
1197,8,11,0,694,070105,CALLAO,CALLAO,LA PUNTA
1198,191,331,0,695,070106,CALLAO,CALLAO,VENTANILLA
1199,13,31,0,696,070107,CALLAO,CALLAO,MI PERU
1200,167,463,1,697,080101,CUSCO,CUSCO,CUSCO
1201,1,1,0,698,080102,CUSCO,CUSCO,CCORCA
1202,3,5,0,699,080103,CUSCO,CUSCO,POROY
1203,0,2,0,70,010605,AMAZONAS,RODRIGUEZ DE MENDOZA,LIMABAMBA
1204,66,103,0,700,080104,CUSCO,CUSCO,SAN JERONIMO
1205,79,217,0,701,080105,CUSCO,CUSCO,SAN SEBASTIAN
1206,73,170,1,702,080106,CUSCO,CUSCO,SANTIAGO
1207,12,7,0,703,080107,CUSCO,CUSCO,SAYLLA
1208,87,290,0,704,080108,CUSCO,CUSCO,WANCHAQ
1209,3,3,0,705,080201,CUSCO,ACOMAYO,ACOMAYO
1210,0,1,0,706,080202,CUSCO,ACOMAYO,ACOPIA
1211,3,3,0,709,080205,CUSCO,ACOMAYO,POMACANCHI
1212,0,1,0,71,010606,AMAZONAS,RODRIGUEZ DE MENDOZA,LONGAR
1213,0,3,0,710,080206,CUSCO,ACOMAYO,RONDOCAN
1214,1,4,0,711,080207,CUSCO,ACOMAYO,SANGARARA
1215,7,29,0,712,080301,CUSCO,ANTA,ANTA
1216,3,4,0,713,080302,CUSCO,ANTA,ANCAHUASI
1217,2,3,0,714,080303,CUSCO,ANTA,CACHIMAYO
1218,2,2,0,715,080304,CUSCO,ANTA,CHINCHAYPUJIO
1219,2,1,0,716,080305,CUSCO,ANTA,HUAROCONDO
1220,4,9,0,717,080306,CUSCO,ANTA,LIMATAMBO
1221,1,1,0,718,080307,CUSCO,ANTA,MOLLEPATA
1222,0,2,0,719,080308,CUSCO,ANTA,PUCYURA
1223,2,1,0,72,010607,AMAZONAS,RODRIGUEZ DE MENDOZA,MARISCAL BENAVIDES
1224,1,1,0,720,080309,CUSCO,ANTA,ZURITE
1225,7,24,0,721,080401,CUSCO,CALCA,CALCA
1226,1,2,0,722,080402,CUSCO,CALCA,COYA
1227,1,3,0,723,080403,CUSCO,CALCA,LAMAY
1228,2,3,0,724,080404,CUSCO,CALCA,LARES
1229,7,5,0,725,080405,CUSCO,CALCA,PISAC
1230,1,4,0,726,080406,CUSCO,CALCA,SAN SALVADOR
1231,0,4,0,727,080407,CUSCO,CALCA,TARAY
1232,1,15,0,728,080408,CUSCO,CALCA,YANATILE
1233,3,8,0,729,080501,CUSCO,CANAS,YANAOCA
1234,3,1,0,73,010608,AMAZONAS,RODRIGUEZ DE MENDOZA,MILPUC
1235,2,7,0,730,080502,CUSCO,CANAS,CHECCA
1236,1,6,0,731,080503,CUSCO,CANAS,KUNTURKANKI
1237,0,1,0,732,080504,CUSCO,CANAS,LANGUI
1238,3,9,0,733,080505,CUSCO,CANAS,LAYO
1239,0,2,0,734,080506,CUSCO,CANAS,PAMPAMARCA
1240,1,1,1,735,080507,CUSCO,CANAS,QUEHUE
1241,0,4,0,736,080508,CUSCO,CANAS,TUPAC AMARU
1242,25,111,0,737,080601,CUSCO,CANCHIS,SICUANI
1243,2,5,0,738,080602,CUSCO,CANCHIS,CHECACUPE
1244,2,5,0,739,080603,CUSCO,CANCHIS,COMBAPATA
1245,0,4,0,74,010609,AMAZONAS,RODRIGUEZ DE MENDOZA,OMIA
1246,2,10,0,740,080604,CUSCO,CANCHIS,MARANGANI
1247,3,5,0,741,080605,CUSCO,CANCHIS,PITUMARCA
1248,1,1,0,742,080606,CUSCO,CANCHIS,SAN PABLO
1249,0,6,0,743,080607,CUSCO,CANCHIS,SAN PEDRO
1250,2,6,0,744,080608,CUSCO,CANCHIS,TINTA
1251,8,28,0,745,080701,CUSCO,CHUMBIVILCAS,SANTO TOMAS
1252,0,1,0,746,080702,CUSCO,CHUMBIVILCAS,CAPACMARCA
1253,1,9,0,747,080703,CUSCO,CHUMBIVILCAS,CHAMACA
1254,0,7,0,749,080705,CUSCO,CHUMBIVILCAS,LIVITACA
1255,1,3,0,750,080706,CUSCO,CHUMBIVILCAS,LLUSCO
1256,1,4,0,751,080707,CUSCO,CHUMBIVILCAS,QUIÑOTA
1257,3,38,0,752,080708,CUSCO,CHUMBIVILCAS,VELILLE
1258,35,338,1,753,080801,CUSCO,ESPINAR,ESPINAR
1259,1,0,0,754,080802,CUSCO,ESPINAR,CONDOROMA
1260,1,8,0,755,080803,CUSCO,ESPINAR,COPORAQUE
1261,0,10,0,757,080805,CUSCO,ESPINAR,PALLPATA
1262,6,2,0,758,080806,CUSCO,ESPINAR,PICHIGUA
1263,1,2,0,759,080807,CUSCO,ESPINAR,SUYCKUTAMBO
1264,1,2,0,760,080808,CUSCO,ESPINAR,ALTO PICHIGUA
1265,41,94,0,761,080901,CUSCO,LA CONVENCION,SANTA ANA
1266,18,43,0,762,080902,CUSCO,LA CONVENCION,ECHARATE
1267,3,3,0,763,080903,CUSCO,LA CONVENCION,HUAYOPATA
1268,4,4,0,764,080904,CUSCO,LA CONVENCION,MARANURA
1269,5,5,0,765,080905,CUSCO,LA CONVENCION,OCOBAMBA
1270,7,6,0,766,080906,CUSCO,LA CONVENCION,QUELLOUNO
1271,4,19,0,767,080907,CUSCO,LA CONVENCION,QUIMBIRI
1272,2,5,0,768,080908,CUSCO,LA CONVENCION,SANTA TERESA
1273,4,3,0,769,080909,CUSCO,LA CONVENCION,VILCABAMBA
1274,9,17,0,770,080910,CUSCO,LA CONVENCION,PICHARI
1275,0,2,0,771,080911,CUSCO,LA CONVENCION,INKAWASI
1276,0,1,0,772,080912,CUSCO,LA CONVENCION,VILLA VIRGEN
1277,3,1,0,774,080914,CUSCO,LA CONVENCION,MEGANTONI
1278,2,2,0,775,081001,CUSCO,PARURO,PARURO
1279,1,0,0,776,081002,CUSCO,PARURO,ACCHA
1280,1,1,0,777,081003,CUSCO,PARURO,CCAPI
1281,0,1,0,778,081004,CUSCO,PARURO,COLCHA
1282,2,1,0,779,081005,CUSCO,PARURO,HUANOQUITE
1283,23,38,0,78,010701,AMAZONAS,UTCUBAMBA,BAGUA GRANDE
1284,1,1,0,780,081006,CUSCO,PARURO,OMACHA
1285,0,1,0,781,081007,CUSCO,PARURO,PACCARITAMBO
1286,0,1,0,782,081008,CUSCO,PARURO,PILLPINTO
1287,0,4,0,783,081009,CUSCO,PARURO,YAURISQUE
1288,7,6,0,784,081101,CUSCO,PAUCARTAMBO,PAUCARTAMBO
1289,1,0,0,785,081102,CUSCO,PAUCARTAMBO,CAICAY
1290,1,2,0,786,081103,CUSCO,PAUCARTAMBO,CHALLABAMBA
1291,1,2,0,787,081104,CUSCO,PAUCARTAMBO,COLQUEPATA
1292,0,11,0,788,081105,CUSCO,PAUCARTAMBO,HUANCARANI
1293,3,7,0,789,081106,CUSCO,PAUCARTAMBO,KOSÑIPATA
1294,10,6,0,79,010702,AMAZONAS,UTCUBAMBA,CAJARURO
1295,12,18,0,790,081201,CUSCO,QUISPICANCHI,URCOS
1296,2,6,0,791,081202,CUSCO,QUISPICANCHI,ANDAHUAYLILLAS
1297,0,1,0,792,081203,CUSCO,QUISPICANCHI,CAMANTI
1298,1,0,0,793,081204,CUSCO,QUISPICANCHI,CCARHUAYO
1299,0,27,0,794,081205,CUSCO,QUISPICANCHI,CCATCA
1300,2,2,0,795,081206,CUSCO,QUISPICANCHI,CUSIPATA
1301,2,2,0,796,081207,CUSCO,QUISPICANCHI,HUARO
1302,3,3,0,797,081208,CUSCO,QUISPICANCHI,LUCRE
1303,2,8,0,799,081210,CUSCO,QUISPICANCHI,OCONGATE
1304,1,0,0,8,010108,AMAZONAS,CHACHAPOYAS,HUANCAS
1305,1,1,0,80,010703,AMAZONAS,UTCUBAMBA,CUMBA
1306,6,11,0,800,081211,CUSCO,QUISPICANCHI,OROPESA
1307,0,13,0,801,081212,CUSCO,QUISPICANCHI,QUIQUIJANA
1308,14,28,0,802,081301,CUSCO,URUBAMBA,URUBAMBA
1309,3,8,0,803,081302,CUSCO,URUBAMBA,CHINCHERO
1310,1,2,0,804,081303,CUSCO,URUBAMBA,HUAYLLABAMBA
1311,2,5,0,805,081304,CUSCO,URUBAMBA,MACHUPICCHU
1312,2,2,0,806,081305,CUSCO,URUBAMBA,MARAS
1313,5,5,0,807,081306,CUSCO,URUBAMBA,OLLANTAYTAMBO
1314,2,0,0,808,081307,CUSCO,URUBAMBA,YUCAY
1315,44,155,1,809,090101,HUANCAVELICA,HUANCAVELICA,HUANCAVELICA
1316,3,1,0,81,010704,AMAZONAS,UTCUBAMBA,EL MILAGRO
1317,0,0,1,810,090102,HUANCAVELICA,HUANCAVELICA,ACOBAMBILLA
1318,4,12,0,811,090103,HUANCAVELICA,HUANCAVELICA,ACORIA
1319,0,1,0,812,090104,HUANCAVELICA,HUANCAVELICA,CONAYCA
1320,2,4,0,814,090106,HUANCAVELICA,HUANCAVELICA,HUACHOCOLPA
1321,0,1,0,815,090107,HUANCAVELICA,HUANCAVELICA,HUAYLLAHUARA
1322,1,0,0,816,090108,HUANCAVELICA,HUANCAVELICA,IZCUCHACA
1323,2,0,0,82,010705,AMAZONAS,UTCUBAMBA,JAMALCA
1324,2,3,0,820,090112,HUANCAVELICA,HUANCAVELICA,MOYA
1325,2,0,0,821,090113,HUANCAVELICA,HUANCAVELICA,NUEVO OCCORO
1326,0,1,0,822,090114,HUANCAVELICA,HUANCAVELICA,PALCA
1327,6,19,0,825,090117,HUANCAVELICA,HUANCAVELICA,YAULI
1328,5,30,0,826,090118,HUANCAVELICA,HUANCAVELICA,ASCENSION
1329,0,9,0,827,090119,HUANCAVELICA,HUANCAVELICA,HUANDO
1330,4,9,0,828,090201,HUANCAVELICA,ACOBAMBA,ACOBAMBA
1331,3,0,0,83,010706,AMAZONAS,UTCUBAMBA,LONYA GRANDE
1332,2,3,0,830,090203,HUANCAVELICA,ACOBAMBA,ANTA
1333,0,1,0,831,090204,HUANCAVELICA,ACOBAMBA,CAJA
1334,1,1,0,832,090205,HUANCAVELICA,ACOBAMBA,MARCAS
1335,4,8,0,833,090206,HUANCAVELICA,ACOBAMBA,PAUCARA
1336,0,2,0,834,090207,HUANCAVELICA,ACOBAMBA,POMACOCHA
1337,0,6,0,835,090208,HUANCAVELICA,ACOBAMBA,ROSARIO
1338,17,70,0,836,090301,HUANCAVELICA,ANGARAES,LIRCAY
1339,1,10,0,837,090302,HUANCAVELICA,ANGARAES,ANCHONGA
1340,3,30,0,839,090304,HUANCAVELICA,ANGARAES,CCOCHACCASA
1341,2,1,0,841,090306,HUANCAVELICA,ANGARAES,CONGALLA
1342,1,1,0,847,090312,HUANCAVELICA,ANGARAES,SECCLLA
1343,1,7,0,848,090401,HUANCAVELICA,CASTROVIRREYNA,CASTROVIRREYNA
1344,0,4,0,849,090402,HUANCAVELICA,CASTROVIRREYNA,ARMA
1345,89,319,1,85,020101,ANCASH,HUARAZ,HUARAZ
1346,0,2,0,854,090407,HUANCAVELICA,CASTROVIRREYNA,HUACHOS
1347,1,1,0,856,090409,HUANCAVELICA,CASTROVIRREYNA,MOLLEPAMPA
1348,1,0,0,858,090411,HUANCAVELICA,CASTROVIRREYNA,SANTA ANA
1349,0,2,0,86,020102,ANCASH,HUARAZ,COCHABAMBA
1350,0,3,0,860,090413,HUANCAVELICA,CASTROVIRREYNA,TICRAPO
1351,2,6,0,861,090501,HUANCAVELICA,CHURCAMPA,CHURCAMPA
1352,1,3,0,862,090502,HUANCAVELICA,CHURCAMPA,ANCO
1353,0,1,0,863,090503,HUANCAVELICA,CHURCAMPA,CHINCHIHUASI
1354,0,2,0,864,090504,HUANCAVELICA,CHURCAMPA,EL CARMEN
1355,0,1,0,865,090505,HUANCAVELICA,CHURCAMPA,LA MERCED
1356,2,2,0,867,090507,HUANCAVELICA,CHURCAMPA,PAUCARBAMBA
1357,0,2,0,868,090508,HUANCAVELICA,CHURCAMPA,SAN MIGUEL DE MAYOCC
1358,2,3,0,869,090509,HUANCAVELICA,CHURCAMPA,SAN PEDRO DE CORIS
1359,1,0,0,87,020103,ANCASH,HUARAZ,COLCABAMBA
1360,0,1,0,870,090510,HUANCAVELICA,CHURCAMPA,PACHAMARCA
1361,1,4,0,872,090601,HUANCAVELICA,HUAYTARA,HUAYTARA
1362,1,5,0,873,090602,HUANCAVELICA,HUAYTARA,AYAVI
1363,0,1,0,877,090606,HUANCAVELICA,HUAYTARA,OCOYO
1364,0,2,0,878,090607,HUANCAVELICA,HUAYTARA,PILPICHACA
1365,0,3,0,88,020104,ANCASH,HUARAZ,HUANCHAY
1366,0,1,0,883,090612,HUANCAVELICA,HUAYTARA,SAN ISIDRO
1367,3,0,0,884,090613,HUANCAVELICA,HUAYTARA,SANTIAGO DE CHOCORVOS
1368,1,1,0,887,090616,HUANCAVELICA,HUAYTARA,TAMBO
1369,11,14,0,888,090701,HUANCAVELICA,TAYACAJA,PAMPAS
1370,0,1,0,889,090702,HUANCAVELICA,TAYACAJA,ACOSTAMBO
1371,45,183,0,89,020105,ANCASH,HUARAZ,INDEPENDENCIA
1372,1,4,0,890,090703,HUANCAVELICA,TAYACAJA,ACRAQUIA
1373,2,4,0,891,090704,HUANCAVELICA,TAYACAJA,AHUAYCHA
1374,4,4,0,892,090705,HUANCAVELICA,TAYACAJA,COLCABAMBA
1375,3,7,0,893,090706,HUANCAVELICA,TAYACAJA,DANIEL HERNANDEZ
1376,1,2,0,894,090707,HUANCAVELICA,TAYACAJA,HUACHOCOLPA
1377,1,1,0,895,090709,HUANCAVELICA,TAYACAJA,HUARIBAMBA
1378,2,0,0,897,090711,HUANCAVELICA,TAYACAJA,PAZOS
1379,4,6,0,899,090714,HUANCAVELICA,TAYACAJA,SALCABAMBA
1380,1,2,0,9,010109,AMAZONAS,CHACHAPOYAS,LA JALCA
1381,0,10,0,90,020106,ANCASH,HUARAZ,JANGAS
1382,0,5,0,901,090716,HUANCAVELICA,TAYACAJA,SAN MARCOS DE ROCCHAC
1383,2,3,0,902,090717,HUANCAVELICA,TAYACAJA,SURCUBAMBA
1384,0,4,0,903,090718,HUANCAVELICA,TAYACAJA,TINTAY PUNCU
1385,0,1,0,904,090719,HUANCAVELICA,TAYACAJA,QUICHUAS
1386,0,1,0,905,090720,HUANCAVELICA,TAYACAJA,ANDAYMARCA
1387,0,1,0,906,090721,HUANCAVELICA,TAYACAJA,ROBLE
1388,2,1,0,907,090722,HUANCAVELICA,TAYACAJA,PICHOS
1389,55,163,1,909,100101,HUANUCO,HUANUCO,HUANUCO
1390,0,1,0,91,020107,ANCASH,HUARAZ,LA LIBERTAD
1391,38,127,0,910,100102,HUANUCO,HUANUCO,AMARILIS
1392,5,8,0,911,100103,HUANUCO,HUANUCO,CHINCHAO
1393,3,2,0,912,100104,HUANUCO,HUANUCO,CHURUBAMBA
1394,2,1,0,913,100105,HUANUCO,HUANUCO,MARGOS
1395,1,1,0,914,100106,HUANUCO,HUANUCO,QUISQUI
1396,0,4,0,915,100107,HUANUCO,HUANUCO,SAN FRANCISCO DE CAYRAN
1397,1,0,0,916,100108,HUANUCO,HUANUCO,SAN PEDRO DE CHAULAN
1398,2,11,0,917,100109,HUANUCO,HUANUCO,SANTA MARIA DEL VALLE
1399,1,2,0,918,100110,HUANUCO,HUANUCO,YARUMAYO
1400,41,103,2,919,100111,HUANUCO,HUANUCO,PILLCO MARCA
1401,1,1,0,920,100112,HUANUCO,HUANUCO,YACUS
1402,1,5,0,921,100113,HUANUCO,HUANUCO,SAN PABLO DE PILLAO
1403,4,46,0,922,100201,HUANUCO,AMBO,AMBO
1404,0,2,0,923,100202,HUANUCO,AMBO,CAYNA
1405,0,1,0,925,100204,HUANUCO,AMBO,CONCHAMARCA
1406,2,2,0,926,100205,HUANUCO,AMBO,HUACAR
1407,1,2,0,928,100207,HUANUCO,AMBO,SAN RAFAEL
1408,2,2,0,929,100208,HUANUCO,AMBO,TOMAY KICHWA
1409,0,1,0,93,020109,ANCASH,HUARAZ,PAMPAS
1410,5,16,0,930,100301,HUANUCO,DOS DE MAYO,LA UNION
1411,0,3,0,932,100311,HUANUCO,DOS DE MAYO,MARIAS
1412,1,7,0,933,100313,HUANUCO,DOS DE MAYO,PACHAS
1413,0,2,0,935,100317,HUANUCO,DOS DE MAYO,RIPAN
1414,0,1,0,936,100321,HUANUCO,DOS DE MAYO,SHUNQUI
1415,0,1,0,937,100322,HUANUCO,DOS DE MAYO,SILLAPATA
1416,0,4,0,939,100401,HUANUCO,HUACAYBAMBA,HUACAYBAMBA
1417,0,12,0,94,020110,ANCASH,HUARAZ,PARIACOTO
1418,0,1,0,940,100402,HUANUCO,HUACAYBAMBA,CANCHABAMBA
1419,3,1,0,942,100404,HUANUCO,HUACAYBAMBA,PINRA
1420,3,13,0,943,100501,HUANUCO,HUAMALIES,LLATA
1421,1,0,0,946,100504,HUANUCO,HUAMALIES,JACAS GRANDE
1422,1,1,0,947,100505,HUANUCO,HUAMALIES,JIRCAN
1423,1,1,0,948,100506,HUANUCO,HUAMALIES,MIRAFLORES
1424,1,3,0,949,100507,HUANUCO,HUAMALIES,MONZON
1425,3,3,0,95,020111,ANCASH,HUARAZ,PIRA
1426,0,2,0,950,100508,HUANUCO,HUAMALIES,PUNCHAO
1427,0,2,0,951,100509,HUANUCO,HUAMALIES,PUÑOS
1428,1,2,0,953,100511,HUANUCO,HUAMALIES,TANTAMAYO
1429,30,92,0,954,100601,HUANUCO,LEONCIO PRADO,RUPA-RUPA
1430,1,4,0,955,100602,HUANUCO,LEONCIO PRADO,DANIEL ALOMIAS ROBLES
1431,0,2,0,956,100603,HUANUCO,LEONCIO PRADO,HERMILIO VALDIZAN
1432,4,13,0,957,100604,HUANUCO,LEONCIO PRADO,JOSE CRESPO Y CASTILLO
1433,5,7,0,958,100605,HUANUCO,LEONCIO PRADO,LUYANDO
1434,2,4,0,959,100606,HUANUCO,LEONCIO PRADO,MARIANO DAMASO BERAUN
1435,3,6,0,96,020112,ANCASH,HUARAZ,TARICA
1436,0,1,0,960,100607,HUANUCO,LEONCIO PRADO,PUCAYACU
1437,3,7,0,961,100608,HUANUCO,LEONCIO PRADO,CASTILLO GRANDE
1438,0,3,0,962,100609,HUANUCO,LEONCIO PRADO,PUEBLO NUEVO
1439,1,0,0,963,100610,HUANUCO,LEONCIO PRADO,SANTO DOMINGO DE ANDA
1440,2,3,0,964,100701,HUANUCO,MARAÑON,HUACRACHUCO
1441,2,0,0,965,100702,HUANUCO,MARAÑON,CHOLON
1442,0,1,0,966,100703,HUANUCO,MARAÑON,SAN BUENAVENTURA
1443,3,5,0,969,100801,HUANUCO,PACHITEA,PANAO
1444,0,9,0,97,020201,ANCASH,AIJA,AIJA
1445,0,4,0,970,100802,HUANUCO,PACHITEA,CHAGLLA
1446,0,5,0,971,100803,HUANUCO,PACHITEA,MOLINO
1447,2,2,0,972,100804,HUANUCO,PACHITEA,UMARI
1448,20,22,0,973,100901,HUANUCO,PUERTO INCA,PUERTO INCA
1449,1,1,0,974,100902,HUANUCO,PUERTO INCA,CODO DEL POZUZO
1450,0,3,0,976,100904,HUANUCO,PUERTO INCA,TOURNAVISTA
1451,3,2,0,977,100905,HUANUCO,PUERTO INCA,YUYAPICHIS
1452,1,1,0,978,101001,HUANUCO,LAURICOCHA,JESUS
1453,0,2,0,979,101002,HUANUCO,LAURICOCHA,BAÑOS
1454,0,2,0,98,020202,ANCASH,AIJA,CORIS
1455,0,1,0,980,101003,HUANUCO,LAURICOCHA,JIVIA
1456,5,6,0,984,101007,HUANUCO,LAURICOCHA,SAN MIGUEL DE CAURI
1457,0,3,0,985,101101,HUANUCO,YAROWILCA,CHAVINILLO
1458,0,1,0,986,101102,HUANUCO,YAROWILCA,CAHUAC
1459,1,0,0,987,101103,HUANUCO,YAROWILCA,CHACABAMBA
1460,0,1,0,988,101104,HUANUCO,YAROWILCA,APARICIO POMARES
1461,0,1,0,989,101105,HUANUCO,YAROWILCA,JACAS CHICO
1462,0,2,0,990,101106,HUANUCO,YAROWILCA,OBAS
1463,1,0,0,991,101107,HUANUCO,YAROWILCA,PAMPAMARCA
1464,2,0,0,992,101108,HUANUCO,YAROWILCA,CHORAS
1465,173,457,2,993,110101,ICA,ICA,ICA
1466,20,47,0,994,110102,ICA,ICA,LA TINGUIÑA
1467,8,34,0,995,110103,ICA,ICA,LOS AQUIJES
1468,0,5,0,996,110104,ICA,ICA,OCUCAJE
1469,7,11,0,997,110105,ICA,ICA,PACHACUTEC
1470,40,83,0,998,110106,ICA,ICA,PARCONA
1471,3,34,1,999,110107,ICA,ICA,PUEBLO NUEVO
